dense_1,dense_1/kernel:0,12,64,0,-0.052736104,0.05737764,-0.056787327,0.03609502,0.008844398,0.13700198,0.031888213,0.045108788,0.13303141,-0.12507899,-0.036283165,0.02263726,0.05962052,-0.06535204,-0.032877658,-0.06193583,-0.406201,-0.08942053,-0.07259667,-0.13727775,0.14481688,0.06548107,-0.26097247,0.20635276,-0.050823648,-0.17917398,0.17818096,0.096843496,-0.03220253,-0.16824554,0.05727608,-0.041693088,-0.0635935,-0.011021441,-0.014655341,-0.02347825,0.020996047,-0.03343319,-0.1411367,0.0036880758,-0.032423146,-0.003352837,-0.06068022,0.027012134,0.029706042,-0.017052405,0.04878964,0.05351613,0.003475458,-0.030785551,0.10629786,0.036196902,-0.028256265,0.01846405,0.1753362,-0.08865163,-0.095666826,0.23306957,0.0065722824,-0.28987104,-0.1452719,-0.02085112,-0.1366232,0.013852469
dense_1,dense_1/kernel:0,12,64,1,-0.16709122,-0.32691932,-0.33909023,-0.09301817,0.03242414,-0.32689175,-0.18301387,0.35392085,0.5068157,0.50422955,0.4915488,0.23691092,0.16414589,-0.558936,0.076545455,-0.42532685,0.15972626,-0.029896185,-0.2162887,0.077716775,0.28135318,0.3778391,0.28546694,-0.14543663,0.37698543,0.08234408,0.08800597,0.53606755,0.22723928,-0.097527444,-0.4217296,0.2471844,0.57987785,0.12034438,0.115970954,0.22269797,-0.06531994,0.37181675,0.06540306,-0.15775706,-0.3325814,0.42655656,-0.32517868,0.4885337,0.25154144,-0.22845827,-0.02812054,-0.22106937,-0.08241417,0.31910905,0.16632709,0.32713586,-0.23292139,0.3139809,-0.18989809,0.3803031,-0.11545936,0.006125043,0.35415727,-0.18097791,0.05459166,0.17298232,-0.5046019,-0.2539472
dense_1,dense_1/kernel:0,12,64,2,-0.21148124,-0.102459356,-0.4622771,0.36032194,-0.14374733,0.30333805,0.050377354,-0.26613483,-0.044089805,0.36578804,0.1994259,0.34698868,-0.30045077,-0.23983797,0.4431657,-0.092376314,0.19756125,-0.5984135,-0.123796456,0.28252622,-0.1846948,0.22961988,-0.10207285,-0.10642953,-0.42429075,0.015352761,-0.07537366,0.36784863,-0.24600871,-0.07964234,0.23105113,0.17032287,0.4183336,-0.11351064,-0.04078758,0.08869039,-0.21071897,-0.24673027,-0.20421761,-0.13665448,-0.52699417,0.42536,-0.1796409,-0.33611912,-0.019211648,0.17887221,0.055457555,-0.2676535,1.226367e-05,0.4055358,0.3720371,0.19081661,-0.15939705,-0.25178432,0.16532153,-0.48234788,-0.20655417,0.026387809,0.29612017,0.1608491,-0.4191902,0.41331497,-0.062676914,-0.09281003
dense_1,dense_1/kernel:0,12,64,3,0.38296935,0.5308059,0.15850693,0.22748454,0.2199376,0.09178071,0.11621549,-0.008385112,-0.026371425,-0.1095373,-0.3272301,-0.23642375,0.12546074,0.17354201,-0.42976853,0.4917311,0.0047599915,0.40574217,0.47918478,0.13427565,-0.15356082,-0.30921596,-0.19965251,0.4937942,-0.239573,-0.0597766,-0.10401053,-0.00013722351,0.010483495,0.2868613,0.3442047,-0.27326366,-0.116368,0.4290844,0.38964245,-0.19812292,-0.24808156,-0.12727083,0.20552737,0.3492665,0.21574476,-0.6568657,0.32158113,0.012586654,-0.30443975,0.27363122,-0.08379546,0.35855752,0.4406049,-0.5420481,0.23345058,-0.31295547,0.5587113,-0.1638213,0.17049113,-0.17101052,0.2518747,-0.41247785,-0.42804462,-0.11829051,0.11592085,-0.35004953,0.5540349,0.2957639
dense_1,dense_1/kernel:0,12,64,4,-0.087888405,-0.038723137,0.011386849,-0.09143766,-0.080990486,-0.056899,-0.040367126,-0.14833868,-0.13639478,0.19748245,-0.094396666,0.16038509,0.28042144,0.047008734,0.06506141,-0.0025977888,-0.047117844,0.018532611,-0.37687224,0.12565945,-0.123072535,-0.06711657,0.17304681,0.15365274,0.010681448,-0.08798583,-0.2498977,0.06989596,0.038515903,0.10727571,0.009797204,0.2088982,-0.008044166,-0.07158812,0.11652843,-0.02031077,0.25654814,0.022964634,-0.04440857,-0.052058097,0.008232829,-0.19197309,0.023953909,0.003451421,-0.12706156,-0.011146169,-0.13781701,-0.056069396,-0.0023617991,0.03872101,0.18427123,-0.030513369,-0.21426262,0.005748315,-0.122146755,0.0492761,0.15903552,0.035419337,0.13610417,0.06223312,0.059802324,-0.017177142,0.153236,-0.018457351
dense_1,dense_1/kernel:0,12,64,5,0.23319241,0.22870076,-0.14753814,0.13698381,-0.22172281,0.5886316,0.14064358,-0.25428382,-0.19185098,0.37690425,-0.25253442,0.33527592,0.2017818,0.4126727,0.040633444,0.3980927,0.2508246,-0.41248652,0.14318644,0.44998172,0.023531891,0.090077035,0.35523817,0.043076888,-0.36596996,0.15664993,0.37155437,0.24487655,-0.35210678,-0.22014819,-0.002515715,0.26527873,-0.023734562,0.031487565,0.3954861,0.37959954,-0.19238998,-0.47980893,-0.19651972,0.20502421,-0.35495624,-0.39915583,0.14575529,-0.045104593,-0.36341402,0.48684108,0.15927123,-0.47063473,0.4907279,-0.049431454,0.084231526,-0.079774536,-0.26871732,-0.4272054,0.32100412,-0.034342606,0.09001767,-0.32648003,0.050747287,-0.28858504,0.026398804,0.27305838,0.29983628,0.29006258
dense_1,dense_1/kernel:0,12,64,6,0.49909487,0.21183592,0.32786152,0.044442713,-0.24320212,-0.22588235,-0.19728711,0.08310835,0.007764022,-0.5130327,-0.42528805,-0.06959584,0.43096116,-0.19966292,-0.1874682,-0.076244436,-0.43805698,0.36039126,0.18026522,-0.23049486,0.32431957,-0.32797292,-0.28688747,0.58581054,0.15067722,0.11535637,-0.379456,-0.24462226,0.33975086,0.46521455,0.2283585,-0.48989427,-0.32270846,0.38475823,-0.23775563,-0.46340933,0.3049429,0.2370691,0.37035862,0.05407329,0.27311748,-0.545393,0.30754098,0.19591202,0.18722051,-0.21929067,-0.33525777,0.3925532,-0.51586837,-0.04916741,-0.092581324,-0.2660433,0.4352818,0.26246384,0.28260416,0.09117405,0.12223814,0.33929288,-0.32373425,-0.24005038,0.44161484,-0.19890133,0.17899033,0.18576476
dense_1,dense_1/kernel:0,12,64,7,-0.22700185,-0.030181792,0.41683447,-0.33281025,-0.068994746,-0.50042325,-0.4325076,0.18134055,0.35255933,0.032265518,0.31108022,0.070472315,-0.033749603,-0.16017577,0.14535421,-0.5107982,-0.047400996,0.14521396,-0.31221786,-0.40544143,0.25396353,0.082763374,-0.22410549,0.22989944,0.36201456,-0.40539443,-0.37756863,0.052408732,0.53342605,-0.004141915,-0.37464058,-0.33610317,-0.18708329,0.21641989,-0.41136718,-0.10145803,0.3614458,0.21536776,0.49051467,-0.1338003,0.10938758,-0.04747833,-0.28244126,-0.0012503262,0.48418292,-0.26872376,0.011500354,0.024364188,-0.051348187,0.08560441,-0.09857887,0.36427864,0.0020235064,0.5108486,-0.017682347,0.33255452,0.3199541,0.24102959,-0.013262489,0.26158196,0.41995445,-0.19432992,-0.39721277,-0.25433886
dense_1,dense_1/kernel:0,12,64,8,0.042345166,-0.027868314,-0.01832065,-0.018989855,-0.024105761,-0.12827937,-0.037028063,-0.02406131,0.10817139,-0.054783,0.07812859,0.042484704,-0.25193697,0.17780948,-0.07459973,0.046810742,0.14328264,0.109045744,0.2549741,-0.016136145,-0.06320458,0.05161142,0.0118086245,-0.009877946,0.01379269,0.22262292,0.03495191,0.149554,-0.18187816,0.023051169,-0.1304189,-0.016745629,-0.023347722,0.06917039,-0.12271681,0.02167774,-0.08719334,-0.013536532,0.084844224,0.0023286135,-0.009606907,0.19680515,-0.089119084,-0.021288212,0.12290815,-0.0028155271,0.15115626,-0.06336013,-0.0037591662,-0.10888894,0.029344887,-0.07448574,-0.12016204,0.027292648,0.014255504,-0.0018255739,-0.05693721,-0.103914924,-0.07384258,-0.0806053,0.04934675,-0.026800076,0.055651557,0.045145422
dense_1,dense_1/kernel:0,12,64,9,-0.40426356,0.29538468,-0.5685422,-0.23823793,0.5830714,-0.5743928,-0.30675834,-0.3618583,0.53263164,-0.023809118,0.28228566,-0.09760404,-0.45001942,-0.42730233,0.56250334,0.098145105,-0.39478678,-0.58280414,-0.052184377,0.076489046,0.48162833,0.75988495,-0.20929837,0.07053438,0.5363451,-0.048634704,0.018892888,0.29996783,-0.0023738493,-0.30917624,-0.65973735,0.55347717,0.20935652,0.35186967,-0.29267958,0.4878636,-0.15994976,0.47153375,0.3821488,0.43450937,0.7334054,-0.3463991,0.45517173,-0.14629744,-0.2916391,0.8190931,-0.07704123,-0.6174803,0.5520076,-0.343414,0.071573436,0.602967,0.24159588,0.48515484,-0.52674484,0.5790762,-0.49246818,0.44328067,-0.7228113,0.36235058,0.81574255,0.5562044,0.011459367,0.40516737
dense_1,dense_1/kernel:0,12,64,10,0.42076644,0.27284977,-0.42038834,-0.26388487,-0.90282017,-0.041102108,0.6170716,0.35821623,0.33828115,0.43263885,-0.59523296,0.563221,-0.19040962,0.35913354,-0.6191611,0.01234269,0.25130638,0.79205596,0.022175752,0.6745484,-0.24630103,0.0752428,-0.3683213,0.04844886,0.5573562,-0.075813025,0.26591873,0.25211048,0.2366094,-0.24340808,0.44387645,-0.32093465,-0.24786343,-0.2754625,-0.16780695,0.48365876,0.40455088,0.48280308,-0.6011137,-0.7178522,-0.51551205,0.36427462,0.34202102,-0.08992855,0.05279909,-0.40731898,-0.71910554,-0.520924,-0.528392,0.71668327,-0.48305467,-0.4438358,0.370243,-0.9696247,0.45891744,0.58349216,0.8902336,0.14772624,0.15716794,0.21917833,0.022200137,-0.69516015,-0.43441847,-0.37408066
dense_1,dense_1/kernel:0,12,64,11,0.44655278,-0.8379027,0.66865486,0.47430184,-0.085482016,0.6540259,-0.3041351,0.33176672,-0.46226206,-0.57719386,-0.090311475,-0.26990864,0.07402431,0.1511761,-0.0918911,-0.063768975,0.30985215,-0.5422366,0.21670812,-0.49557558,0.44702646,-0.62446034,0.27555063,-0.24409668,-0.6797192,0.17009805,0.14629439,-0.08531938,-0.38730425,0.6363329,-0.16932537,0.24706449,0.23680289,-0.31942132,0.82157797,-0.5940277,0.2869131,-0.6699353,0.031721838,0.23486227,-0.43695548,-0.2874966,-0.6361205,-0.34650558,0.32099637,-0.46690953,0.38922235,0.7217632,-0.51542825,-0.044127412,0.30339482,-0.49159402,-0.2788931,0.45186144,0.12306015,-0.3979613,-0.10993028,-0.1778606,0.6662581,-0.22030748,-0.37914664,0.5338876,0.40065083,0.09805881
dense_1,dense_1/bias:0,1,64,0,0.1714793,0.085339054,0.26642853,0.20280091,0.21838807,0.18595967,0.037909728,0.203063,0.2227341,0.257739,0.22099023,0.053248502,-0.005365865,0.04031561,0.23547544,0.20208596,0.33571824,0.30307588,0.2561078,0.19720265,0.07694108,0.17969961,0.14918591,-0.009734358,0.2126022,-0.04286598,-0.03251963,0.013623517,0.3359368,0.12799218,0.2331112,0.2521305,0.21174695,0.15191597,0.14128631,0.019924793,0.09676041,0.11877244,0.12855881,0.23882931,0.14849581,0.2026584,0.26483223,-0.11321936,0.16229746,0.09680028,0.27022862,0.26391467,-0.027095562,0.15406942,0.2341192,0.16962944,0.083075106,-0.011466545,0.025290454,0.12953436,0.34965277,0.05922289,0.33680648,0.028337613,0.22542262,0.104207,0.35430956,0.30392063
dense_2,dense_2/kernel:0,64,32,0,0.19238843,0.06382529,0.2628249,-0.406721,0.28238377,0.14111835,-0.09944222,0.09534015,0.54861414,-1.1367843,0.22234093,1.0455372,0.21681891,-0.22756821,0.056802858,0.016514206,0.55642843,-0.17578077,-0.30835637,-0.2220037,0.5509512,-0.16304733,0.271815,0.03619458,0.025192168,0.3078392,0.21729672,0.060888365,0.09529813,0.032559052,0.27655587,0.041831907
dense_2,dense_2/kernel:0,64,32,1,-0.10918285,0.618596,0.10628032,0.17351879,-0.17792197,-0.16447577,0.020550344,0.65619206,-0.057201877,-0.05024738,0.30979094,-0.15274897,0.6455729,0.13146304,0.39332408,-1.4212666,-0.105683,-0.023805536,0.28233752,0.004324105,-0.46823427,-0.36355555,-0.678923,-0.28100666,-0.103830636,-0.33690032,0.00353227,0.4377579,0.3929197,0.25786307,-0.20987321,0.27821296
dense_2,dense_2/kernel:0,64,32,2,-0.1422293,-0.23161611,0.4956714,0.38867658,-0.029675886,0.3033865,-1.284004,0.04977272,0.16827655,-0.42017174,0.45149738,0.15919426,0.22730683,0.23072836,-0.10440971,0.09154123,0.2947331,0.08654741,-0.3014478,0.22200759,0.7880635,-0.23775375,0.15553124,-0.011221244,0.02340046,-0.0012266471,0.47572762,0.41988468,-0.16684641,-0.40745035,0.27026924,-0.097498775
dense_2,dense_2/kernel:0,64,32,3,0.017733186,-0.22283073,0.24265356,0.035176884,0.045930315,-0.04472657,-0.12448019,0.19562778,0.41907197,-0.105317995,0.21825105,0.24505673,-0.12924533,0.019216271,-0.40774494,0.15575343,0.2840967,0.15086287,0.069885135,-0.00070075283,0.1041732,0.48673573,0.2593071,0.5396559,0.15924518,-0.15532184,-0.07395194,0.27024126,0.07104326,-0.32527554,-0.2209662,-0.087025456
dense_2,dense_2/kernel:0,64,32,4,-0.38793048,0.13899721,0.50223696,0.1257864,0.2558225,0.37101433,-0.4421951,0.5831566,0.081954755,0.5695234,0.27858973,-0.49971277,-0.081482746,0.07212233,0.21828955,-0.25162974,0.2803424,-0.13356511,0.2933021,0.2185861,0.28576228,0.3917353,0.28689966,0.023842921,-0.56167126,0.00026791374,-0.3864687,-0.20619787,-0.032659195,0.051702805,0.42598242,-0.2196598
dense_2,dense_2/kernel:0,64,32,5,-0.111349106,-0.116297744,0.054802757,0.2644419,0.13106678,-0.12315563,0.12912881,0.14608604,0.07839664,-0.4592431,7.337202e-05,0.4797403,0.19752058,0.39324155,-0.6544865,0.31083584,0.5051633,-0.31665337,-0.39379138,-0.018377364,0.19439667,0.3703095,0.25517347,0.4798457,0.3789776,-0.19491294,-0.15798886,-0.0041307285,0.22205523,0.11819459,-0.3633949,-0.26663572
dense_2,dense_2/kernel:0,64,32,6,0.2612811,-0.08412888,-0.32364073,-0.19529904,-0.4704992,-0.14471632,0.30710465,-0.16704993,-0.42288324,-0.27409777,0.09626754,0.2931359,-0.03366278,0.4896302,0.18779978,-0.575593,0.49340123,0.18349686,0.06359223,0.1570821,0.28668734,-0.051064827,-0.18213563,-0.08837824,-0.046218507,-0.17699568,0.022568457,0.27524883,-0.118092485,-0.08431779,-0.316057,0.11811733
dense_2,dense_2/kernel:0,64,32,7,-0.0069218073,0.18112251,-0.1970018,0.47607836,-0.1573209,0.011320008,-0.4802873,-0.76370066,-0.2346185,-0.31224263,0.28667644,-0.007586873,0.11553741,0.036718294,-0.018572321,0.10311431,-0.378194,0.2136234,-0.2410414,0.18691291,-0.15425493,-0.19928528,0.11957224,-0.09532443,0.09947667,-0.10585431,0.5052986,0.38094187,0.17150763,0.34045193,-0.17915611,0.26738584
dense_2,dense_2/kernel:0,64,32,8,0.19895397,0.24154015,-0.29639176,0.092697896,-0.28346157,0.25363684,0.23980224,-0.02264437,0.048220236,0.35896748,0.105230756,-0.32712525,0.11979241,-0.08379828,0.3272713,-0.028491303,-0.03853816,0.28799376,-0.06058794,-0.016223252,-0.3585913,-0.34740815,-0.3412276,-0.28419065,0.11453301,0.5184889,0.08341548,-0.010915098,0.025598017,0.08023597,0.32268253,0.43523696
dense_2,dense_2/kernel:0,64,32,9,0.45609343,-0.11513225,-0.429759,-0.022748977,-0.5952492,0.020739961,0.6262643,0.23461948,0.05425229,0.24392132,0.005742128,-0.074821696,0.11004195,0.27461693,0.038250167,0.031288955,0.27272344,0.3789867,-0.60944587,-0.19449727,-0.015336553,-0.24558657,-0.1391061,0.12345286,0.27680305,0.29955998,0.24308355,-0.015952641,-0.12559578,0.2625691,0.18862884,0.14766803
dense_2,dense_2/kernel:0,64,32,10,0.11792751,0.1099596,-0.026946994,-0.16849776,-0.27312186,0.24665801,-0.050329644,-0.10635032,-0.04608261,0.5185336,-0.11258317,-0.6627484,0.12939216,0.26132074,-0.072544515,0.61833113,0.30513987,0.094777055,-0.19872274,-0.010955356,0.028573215,0.36097798,0.025822667,-0.105861686,0.23791555,-0.06445267,-0.32396922,-0.28784218,-0.1335346,0.2501443,0.3192603,-0.012838709
dense_2,dense_2/kernel:0,64,32,11,0.5149337,0.23846997,-0.6846357,-0.013824057,-0.29441825,-0.2596738,0.41551253,-0.09415149,-0.035459876,-0.24676152,-0.09456359,-0.08159214,-0.13827054,0.17554308,-0.09571747,-0.24972507,0.2966115,0.29840448,0.10976538,0.08336962,-0.08415571,-0.068503655,0.1719562,-0.1321596,0.18871538,0.096015826,0.18742742,0.21095584,-0.13438003,0.31809875,-0.16742936,-0.12797567
dense_2,dense_2/kernel:0,64,32,12,-0.29911694,0.34205946,0.16096658,-0.08303745,0.20113261,0.21791087,-0.19693589,-0.25798646,-0.09622008,-0.2737725,0.30039486,0.3876715,0.30993623,0.2291862,0.15420693,0.0071962196,0.19479607,0.18663871,0.00016375982,-0.009155771,-0.033852402,0.022344269,0.06057008,0.16894655,0.3008825,0.05944253,0.0003192488,0.25445008,-0.15838775,-0.14456335,-0.2689274,0.006254764
dense_2,dense_2/kernel:0,64,32,13,-0.06730489,0.41062674,-0.063182265,-0.2004749,0.049788006,0.061784595,0.14196038,-0.09385438,-0.16448459,-0.4515605,0.28345808,0.6777303,0.22730128,-0.039173808,-0.14411248,-0.21739267,0.3107245,-0.065232605,0.049920168,0.18190965,0.20880249,-0.08656637,0.30081388,0.4227546,0.26774177,-0.1889384,0.058422644,0.069290094,-0.1969499,-0.00232162,-0.12417754,0.18244822
dense_2,dense_2/kernel:0,64,32,14,-0.17262043,-0.07901703,0.1517843,0.034595877,0.20265836,0.22297472,0.18775964,0.3244554,0.1850866,0.65316004,-0.04335359,-0.44586197,-0.106761955,0.26963606,-0.22335255,0.11244345,0.34847796,0.09752112,0.18492772,-0.12189093,0.114920996,0.59113836,-0.07777008,0.26132283,-0.07535481,0.1500764,-0.6940812,-0.20929526,0.3101593,0.016727235,0.20571946,-0.044915657
dense_2,dense_2/kernel:0,64,32,15,-0.245263,0.31093782,-0.028526714,0.20337814,0.30411366,-0.13296425,0.023320265,0.3726097,0.054351628,-0.3700247,0.21439105,0.39005136,0.1459811,0.027352355,0.25419503,-0.27441487,0.2928728,0.19662374,-0.07202271,-0.02568573,-0.030596204,0.1671003,0.29646817,0.04089304,-0.19494843,-0.026540143,-0.29891175,0.12324457,-0.03762553,-0.25269312,0.05991414,0.4046024
dense_2,dense_2/kernel:0,64,32,16,0.037681334,0.049934328,-0.23722897,0.3171134,0.034893595,-0.027074648,0.14083137,-0.08821628,0.08379795,-0.14029446,-0.10297544,0.13532625,-0.15874729,0.4910943,0.007883356,0.41649383,0.12254888,0.18430015,-0.24231501,0.077638686,0.024909178,0.40641952,0.21098931,0.5602154,0.23677374,-0.013232185,0.052175548,0.33164963,-0.033312924,0.19829468,-0.18773529,0.091020055
dense_2,dense_2/kernel:0,64,32,17,0.35054603,0.16169679,-0.21547529,-0.24419707,-0.32362878,-0.028534293,-0.10836878,-0.49546415,-0.42703447,-0.16832344,-0.19434041,0.53544086,0.5270091,-0.21372074,0.18188497,-0.29805174,-0.13677177,-0.07554963,-0.11548548,-0.41284278,0.17354743,-0.9851255,-0.1710892,-0.20204368,0.09333747,0.36396602,0.78685313,0.1989572,0.23809652,0.31740242,-0.3890629,0.23612371
dense_2,dense_2/kernel:0,64,32,18,-0.3709126,0.29093218,0.3778745,0.14502384,0.13349257,0.052262876,-0.09819221,0.0022644785,0.1071317,-0.088818625,0.19870867,0.45467338,-0.07102663,0.25205183,0.17408895,-0.29493564,0.05760027,-0.15782668,0.055542015,0.20225105,0.07843829,0.33893472,0.11644135,-0.030864961,0.18165703,0.022374665,0.07421686,-0.03665865,0.07683929,-0.11879828,0.09242694,0.10118245
dense_2,dense_2/kernel:0,64,32,19,0.11287539,0.1750976,-0.44431996,0.23343143,-0.10519562,-0.48142523,0.6258068,0.18942033,-0.13351457,0.227757,0.09516617,0.14864737,0.19141291,0.13696668,-0.21471785,-0.43243665,0.43288097,0.33245206,-0.18134327,0.40194464,-0.07616009,-0.16875671,-0.02611009,0.27924195,0.17631267,-0.053060062,-0.22999267,0.39536446,-0.27877805,0.1536108,0.2523944,-0.053348012
dense_2,dense_2/kernel:0,64,32,20,-0.13111936,-0.16926707,0.048907127,0.006516808,0.35430157,0.21337989,-0.10759967,-0.25841054,0.021862479,-0.0047420156,0.41158816,0.022125095,-0.40204847,0.12579934,0.46315756,-0.1428577,0.30557358,-0.047828782,0.028092192,0.339014,-0.045248654,0.28506532,-0.124018185,-0.006592614,-0.35449362,-0.069761634,-0.18840094,-0.07291447,-0.33362052,-0.08573659,0.3831551,0.6655083
dense_2,dense_2/kernel:0,64,32,21,0.36718333,-0.22412315,-0.3768157,0.0788574,0.020053308,-0.006762545,0.64486766,-0.040241577,0.16369951,0.73341566,-0.04477736,-0.7146719,-0.20904368,-0.15317392,0.40135208,-0.31037146,-0.048571583,0.22718635,0.2425827,-0.12929928,-0.025039028,0.2751892,-0.0064664637,-0.34099784,0.098670095,0.22737108,-0.15032615,-0.38886806,0.13735482,-0.094493315,0.44873568,-0.0010348407
dense_2,dense_2/kernel:0,64,32,22,0.3096137,0.051229566,0.07365553,0.0028741392,-0.0048382212,-0.1319378,0.19482097,0.018620666,0.15338928,0.10561854,0.13596685,-0.12888229,-0.16879585,0.27095184,-0.39691174,0.17468646,0.33780572,0.24740237,-0.085704595,-0.023303822,-0.16847368,0.24082625,0.0021568334,0.35757974,-0.10005638,-0.017416304,0.21222778,0.19801031,0.0063793566,0.006666061,0.03734716,0.05593996
dense_2,dense_2/kernel:0,64,32,23,-0.35781,0.18938883,0.22175942,0.029217832,0.33035967,0.4057421,-0.111185074,0.1267131,-0.2853323,-0.0055036484,0.10097105,0.16450195,0.30526948,0.11979787,0.39246613,-0.34417033,-0.23062763,0.003575856,0.26595157,-0.35433462,0.09559786,-0.49544737,-0.18382803,-0.019683056,-0.26529133,0.43695885,0.090295844,0.020034987,0.28601333,0.026377587,-0.0136784725,-0.0031079054
dense_2,dense_2/kernel:0,64,32,24,0.47457165,0.20333606,-0.40854084,-0.27316597,-0.44573626,-0.10166622,-0.0057705,0.14676075,-0.31173372,0.37965652,-0.34933615,-0.38191146,0.16878954,-0.36990908,0.4227117,-0.1439703,-0.34151638,0.43629542,0.09496847,0.1382999,-0.3981432,-0.55329925,-1.1704415,-0.7772205,-0.054911766,0.6725405,0.057959344,-0.41552222,0.19068557,0.23500794,0.21910901,0.46035317
dense_2,dense_2/kernel:0,64,32,25,-0.09647346,-0.0645938,0.014361196,-0.0044513135,0.2372822,0.056261163,0.19268425,-0.08969292,0.48277044,-0.024504988,0.039707385,-0.043247435,-0.115718156,-0.023714622,-0.24030167,-0.039001685,0.18646112,-0.21477444,0.0641287,0.25888065,0.2762521,0.20007741,0.26117814,0.10115211,0.16754396,0.18053862,-0.0023681761,-0.108699985,0.1812386,-0.035016276,0.26411918,-0.00741803
dense_2,dense_2/kernel:0,64,32,26,0.051080793,-0.14875951,-0.054508373,0.028240897,-0.17940775,0.21267636,0.4801059,0.17600955,0.28092143,0.028008979,-0.19855154,0.14482163,-0.04996366,0.25035036,0.0017566844,-0.24679945,-0.00049421994,-0.0009095642,-0.037568532,0.23104528,-0.077153504,-0.00964308,0.19694442,0.43293956,0.3847355,-0.024438528,-0.38303268,0.07880922,-0.18562597,-0.07822334,-0.08503574,-0.06409785
dense_2,dense_2/kernel:0,64,32,27,0.016212419,-0.016289089,-0.39800847,0.03175748,-0.37060133,-0.31599513,0.16628115,0.12862518,-0.14197636,-0.044274703,-0.011998266,-0.37610468,-0.16754104,-0.092507064,-0.025490925,0.030062325,0.0026593574,-0.016412469,0.16429421,0.14891273,-0.27914497,0.14788896,-0.16599289,0.025788598,0.08386796,-0.17436805,-0.114044316,0.08144863,0.23979272,0.29884636,0.03513635,-0.04803082
dense_2,dense_2/kernel:0,64,32,28,0.2652089,-0.13579492,-0.0022350068,-0.16197605,0.0755781,0.22616577,-0.02772844,-0.076047234,-0.16453312,0.06340896,0.24316347,-0.016017891,0.05413757,-0.10510279,0.46482596,0.016793353,0.00440133,-0.103404775,0.09186589,0.10750021,0.3122982,-0.2736536,-0.44508848,-0.19721776,-0.112436846,0.54495054,0.5101405,-0.40763977,0.22744621,0.45115575,0.15062475,0.3672372
dense_2,dense_2/kernel:0,64,32,29,-0.07877911,-0.21553792,0.648587,-0.08638323,0.20998336,0.4189991,-0.6254369,-0.19299391,0.29129335,-0.42578927,0.2889296,0.33546495,-0.2354928,0.027537758,-0.15789,0.07307807,0.41148213,-0.35267848,-0.31980085,0.198257,0.37477535,-0.006612334,0.030709881,0.04859835,-0.06777136,0.23420973,0.08943818,0.3593147,0.11325492,-0.27614146,0.017705463,0.0052445945
dense_2,dense_2/kernel:0,64,32,30,-0.1268307,0.4018821,-0.24196444,-0.11795519,-0.2842548,0.13862307,-0.17213911,-0.10239537,-0.16065039,-0.44228083,0.21480095,0.63195825,0.339573,0.4193623,0.14706941,-0.31771654,0.44424924,0.13393903,0.020390417,0.1812949,0.3143445,0.05412455,0.081877835,0.3148216,0.0529908,-0.08568718,0.15394768,0.07668465,0.027758494,-0.1130038,-0.49761176,-0.20635663
dense_2,dense_2/kernel:0,64,32,31,0.09217276,-0.15595575,0.0416727,-0.14687803,0.054185312,0.22081083,0.21839067,0.433517,0.28105184,0.055586647,-0.26746827,-0.36824274,0.15197791,0.1536946,0.14912574,-0.17691718,0.27020118,0.073948815,0.0951873,0.18763235,0.16431399,0.42550436,0.25667185,0.3615042,-0.09790832,-0.2696435,-0.89054334,-0.39730734,0.014580387,-0.060269337,0.3172895,-0.004429857
dense_2,dense_2/kernel:0,64,32,32,-0.29672927,0.037293788,-0.07329716,0.15764493,-0.08177896,-0.008358996,0.21089937,0.16751131,0.32509902,0.29171464,0.17645502,-0.19613272,0.2224492,0.11511818,0.1208894,0.5703812,0.041106567,0.11377479,0.03944028,-0.072167836,-0.15531105,0.41608673,-0.20839007,0.36027268,0.14765726,-0.16146249,-0.5520903,-0.36006168,-0.11531908,0.2539979,0.35462674,0.22789189
dense_2,dense_2/kernel:0,64,32,33,-0.080127925,-0.02851204,0.3431073,0.04807392,0.43106377,0.33974054,-0.28468877,-0.09220084,-0.37178764,0.09341585,0.06243327,-0.53550714,-0.26453125,0.01744679,0.5225866,0.116350025,-0.0525636,0.11043187,0.46044812,0.22720462,-0.29673573,-0.11336801,-0.2568972,-0.900437,-0.3714312,0.17764398,0.075724944,0.31363085,0.15484108,0.2677396,0.020814005,0.28715444
dense_2,dense_2/kernel:0,64,32,34,-0.11210539,-0.22502504,0.1391779,0.06487298,0.25039667,0.20242077,-0.2679778,0.20723373,0.45752758,-0.35625374,-0.28186083,0.32103008,-0.04329507,-0.10372504,-0.66510355,0.37117675,0.3197846,-0.5762986,-0.14297692,-0.06281541,0.15121058,0.5966232,0.53781134,0.57300776,-0.11996575,-0.22596432,-0.09914727,0.019524654,0.2298931,-0.21168756,0.1802043,-0.5407067
dense_2,dense_2/kernel:0,64,32,35,0.3123175,-0.16427349,-0.4092603,0.30427283,-0.23689936,0.015349932,1.1534138,0.45276132,-0.018101346,0.21057191,0.34995517,-0.17993096,-0.15299104,0.06943129,0.05782151,-0.70573354,0.22674836,0.26613036,-0.052593302,0.40721896,0.24428944,0.036070745,-0.13132215,-0.33574092,0.18625481,0.079568155,-0.33784664,0.11387995,-0.06759933,-0.067016944,0.41907123,0.076574065
dense_2,dense_2/kernel:0,64,32,36,0.032553043,-0.2566993,0.03824682,-0.14098874,0.020913303,0.16790926,-0.29957327,-0.45511594,0.061055064,-0.13343205,0.10681578,-0.0028972386,0.07230376,-0.071510404,0.07809629,0.06923806,0.06266066,-0.11444054,-0.23628622,-0.14001946,0.43202025,-0.13044676,-0.23573759,0.07715718,0.040655095,0.45354033,0.34490222,-0.254442,0.2067283,0.07574969,-0.013504814,0.077593
dense_2,dense_2/kernel:0,64,32,37,0.08308183,0.25053343,-0.01137585,-0.057886545,-0.2258667,-0.018632714,0.30997196,-0.17927514,-0.34488398,0.04502543,-0.5232515,-0.21459106,-0.06591445,-0.29402047,0.2694176,-0.13622895,-0.15701066,0.27218768,0.26332542,-0.10572371,-0.22688131,-0.15912336,-1.2335757,-0.81081647,-0.21363574,0.7712016,0.19495928,-0.855523,0.09422074,0.65974647,0.06234616,0.36277866
dense_2,dense_2/kernel:0,64,32,38,-0.23385245,0.023824913,0.20769973,0.06168259,0.3921212,0.394419,-0.23055255,-0.15119967,-0.15100002,0.13128747,0.18736611,-0.13916832,-0.3583725,0.4297474,0.598396,0.27349678,0.11580273,-0.35319814,0.19777171,0.25713047,0.24650034,-0.025067175,0.121188864,-0.51413554,-0.60359764,-0.1563169,0.048968747,-0.011196194,-0.2689946,-0.049261376,-0.09089094,0.21057568
dense_2,dense_2/kernel:0,64,32,39,-0.7283362,-0.17951204,0.40349334,0.38689512,0.4134359,-0.1183089,-0.11255308,0.07303003,0.25115588,0.32709917,-0.07109372,-0.33840013,0.008401796,0.27655676,0.19428039,-0.099272944,-0.15949859,-0.34709188,0.039018337,0.21364334,0.24343337,0.07711976,0.21160875,0.015384755,-0.3713755,-0.1253394,-0.4969401,0.1309989,-0.07442274,-0.12171646,0.20094833,0.15891482
dense_2,dense_2/kernel:0,64,32,40,-0.4339321,-0.1345352,0.1121498,0.1250031,0.47916552,0.17329945,-0.2438787,0.0015522895,-0.46548966,-0.037484664,0.08696192,-0.30915242,-0.22582662,0.10234706,0.7168808,-0.04631937,-0.29146257,0.049833983,0.18750775,0.27360126,0.03549034,0.012001627,-0.18520415,-1.4993802,-1.5431498,0.056038544,-0.21229458,0.2755231,-0.33784392,0.52614915,-0.32839227,0.108682446
dense_2,dense_2/kernel:0,64,32,41,0.65193903,0.09832381,-0.34071094,0.018567132,-0.50685245,-0.2604232,0.0061370786,-0.22766192,0.2744921,0.024607519,-0.030056743,-0.22786355,0.100612454,0.15541656,0.3475103,0.16096105,0.260675,0.12414477,-0.48956707,0.27895516,-0.16841409,-0.10008822,-0.025102898,-0.03781916,0.5045166,0.12430198,-0.034361098,0.09290491,0.22577469,0.26246852,0.23384261,-0.11661425
dense_2,dense_2/kernel:0,64,32,42,-0.3072283,0.37746352,0.21344711,0.035209205,0.014422531,-0.2166028,0.12189642,0.34279022,-0.18115358,0.08967654,0.3568059,-0.14039533,0.39974776,0.06286885,0.46743518,-1.2548782,0.03657077,0.032413203,0.3253447,0.11748756,-0.1324819,-0.30242845,-0.25505716,-0.46034962,-0.3239551,-0.2332044,-0.26044023,0.4006554,-0.099420786,0.034511738,0.30633172,0.27817369
dense_2,dense_2/kernel:0,64,32,43,-0.0059441915,0.0522974,-0.0862284,0.18447411,-0.024519248,0.024067411,0.20664053,0.013813817,0.057976093,0.01438197,0.050570603,-0.16341443,-0.07798595,-0.11901151,0.2789058,0.13012172,0.11341827,-0.07958182,0.27799335,0.25578716,0.041358046,0.23605916,0.22612667,-0.11189189,0.15352681,0.37927672,0.35981658,-0.08858173,0.35950258,0.19278404,0.07733217,0.085782655
dense_2,dense_2/kernel:0,64,32,44,0.11319865,0.14086856,0.13176547,0.11138664,0.01788813,0.29532543,-0.47011304,-0.5354027,0.21106829,-0.011588219,0.3738461,-0.011102519,0.024238553,0.24795395,-0.19106662,0.2992076,-0.23653571,0.102397464,0.09189911,0.25446483,0.1331172,0.08469874,-0.13471642,-0.29534084,0.36887237,0.04713985,0.58161414,-0.08249506,0.36705995,-0.08528982,-0.07322029,-0.10396839
dense_2,dense_2/kernel:0,64,32,45,-0.22409882,0.16918017,0.54559004,0.33319116,0.49034494,0.2292497,0.28777388,0.83008575,0.07435353,0.15453796,0.19678798,-0.022603692,-0.08302052,0.027190434,0.1208385,-0.32732314,-0.3148403,-0.05708877,0.16876557,0.4210532,-0.096486986,0.01921472,-0.06134385,-0.040417347,-0.3775623,-0.07625763,-0.6081457,0.20328367,0.1389477,-0.45414692,0.2803225,0.114522904
dense_2,dense_2/kernel:0,64,32,46,0.010533488,-0.053698614,0.0069405,0.12816273,0.12832725,-0.13817056,-0.09286469,0.15649632,0.30178323,0.13836081,-0.26252684,-0.031317014,0.06235556,0.09177654,-0.50148034,0.40823612,0.41131276,-0.24149814,0.0749028,0.27020407,-0.010416597,0.26529562,0.12312849,0.24611787,-0.026056169,-0.20300646,-0.34508643,0.06483767,0.22729559,-0.32874167,0.2590311,-0.48618287
dense_2,dense_2/kernel:0,64,32,47,-0.007854174,-0.3193402,0.44070294,0.23505601,0.09052866,0.319143,-1.3990833,0.19262394,0.18103263,-0.3668394,0.37081534,0.4610885,-0.15184386,-0.059975028,-0.13271762,0.43469656,0.13523449,0.11936968,-0.18220524,0.11810857,0.46867055,-0.253331,0.22842269,0.36103734,-0.18162262,-0.24596359,0.052790314,0.45221987,-0.13196704,-0.23188512,0.09390044,-0.08925754
dense_2,dense_2/kernel:0,64,32,48,0.15778477,-0.23199902,1.0640941,0.38273638,0.56786954,0.4315274,0.11625139,0.9179222,0.17473248,-0.3425522,0.5081966,-0.5380572,0.23962988,0.24326374,-0.24272828,-0.19311206,-0.508412,0.68752825,-0.48734742,0.5308459,0.088276595,0.20363764,-0.02990202,-0.5560655,-0.31465584,-0.080351725,0.55053216,0.06500165,0.28761655,-0.31905323,0.48534498,0.2105642
dense_2,dense_2/kernel:0,64,32,49,0.46382338,-0.1613047,-0.44685164,0.3438037,-0.22326483,-0.19782244,0.4009148,-0.10038662,-0.14478233,-0.046514116,0.09052733,-0.095256135,-0.397657,0.046088435,-0.063262925,0.5477436,-0.08376558,0.4928201,-0.581087,0.35332364,0.06374227,-0.1722792,0.020022107,0.24926326,0.58392185,0.3783786,0.27511454,-0.06932756,0.056799725,0.42273462,-0.075489804,-0.0637644
dense_2,dense_2/kernel:0,64,32,50,-0.18922384,-0.18442866,0.27773932,0.14532986,0.29093388,0.12623177,-0.029775703,-0.020696178,0.08502427,0.033891626,-0.04463264,0.02207607,-0.07445801,0.34941307,-0.13220039,0.18898384,-0.055409566,-0.20888573,-0.15857612,0.17040306,-0.04406562,0.42183116,0.33787876,0.2348265,-0.13643178,-0.43458065,-0.2616987,-0.07872798,0.14260657,-0.31317955,0.00026126386,-0.38738018
dense_2,dense_2/kernel:0,64,32,51,-0.14981073,-0.05861105,0.04567663,-0.40554315,-0.2357652,0.053853545,0.32952368,0.22406034,0.36175272,1.255458,-0.07341897,-1.214657,0.18521787,-0.2297281,0.21936129,0.15451185,0.32931852,-0.17027882,0.36537194,-0.119834214,-0.014824001,0.119637884,0.14925273,-0.33664876,-0.026154166,0.31290206,-0.38132268,-0.58170545,0.13377014,0.4140973,0.28845853,0.4192215
dense_2,dense_2/kernel:0,64,32,52,-0.25880504,0.17594771,-0.07950067,-0.0110227,0.085581586,0.06458985,-0.06973471,-0.20572239,-0.27361077,0.005952619,0.08166994,0.32512096,0.2803904,-0.21292886,0.24158382,-0.299055,0.22072777,0.22794984,0.22711451,-0.30010733,0.10819376,-0.27866402,0.0437017,0.08486173,-0.25875363,0.16689378,0.266829,0.1856254,0.03489933,0.24590568,-0.45659575,-0.16944587
dense_2,dense_2/kernel:0,64,32,53,-0.107189395,0.095689476,-0.029581144,0.19559851,-0.27162352,0.4009508,-0.32381374,-0.28572255,-0.20999081,0.6575026,0.18774468,-0.2027833,0.1744043,0.81657743,0.09233767,0.325097,0.73021394,-0.27144724,0.21977687,0.2787168,0.20938596,0.20253561,-0.11485883,-0.35983384,-0.21807538,-0.40358168,0.048191532,0.2790787,-0.5136436,0.006852603,-0.014285502,0.40590152
dense_2,dense_2/kernel:0,64,32,54,0.22447483,0.25159118,0.017705606,-0.15610835,-0.13212116,0.1386869,-0.15311292,-0.32041258,-0.0036055972,-0.6692033,-0.026839945,0.26251793,0.10527021,0.17754321,-0.13405176,-0.0046754056,0.072266474,0.015537942,-0.18797104,0.23796688,-0.07293327,-0.08809602,0.035266176,0.34001285,0.18764071,0.3123583,0.13593303,0.32011786,-0.091341615,0.2737866,-0.35300827,0.006307502
dense_2,dense_2/kernel:0,64,32,55,0.15619086,0.13084976,-0.1386633,-0.23753321,-0.28645685,0.11390846,0.32398915,-0.30505693,-0.07301235,0.107654855,-0.24352844,0.022468261,-0.27199754,0.034397203,0.29081795,-0.12347806,0.012646983,0.18234584,0.40837872,-0.0008992662,-0.4325687,-0.18532291,-0.82090896,-0.58187985,-0.11827393,0.66091686,0.09102294,-0.63463867,0.2672023,0.55463105,0.1797133,0.2797543
dense_2,dense_2/kernel:0,64,32,56,0.34334657,0.23146476,0.018048976,-0.02624035,-0.250193,-0.12797369,0.057042524,-0.40753755,0.13475797,-0.33772305,0.098087415,0.71580136,0.04325852,0.13889222,0.027915819,0.010236639,0.3519293,0.21631692,0.21063334,-0.31134626,0.37984225,-0.3132193,0.05790058,-0.06379284,0.241322,0.39983407,0.60520256,0.22158885,-0.09812556,0.17131999,0.0656327,0.22452465
dense_2,dense_2/kernel:0,64,32,57,0.34717643,0.019389369,0.048939995,-0.11187427,-0.1436843,0.27976063,-0.12658209,-0.11381908,-0.47516152,0.15390982,-0.15014143,-0.2976628,0.047279295,0.09399531,0.09489865,0.30862775,0.058564827,-0.054549232,0.16728216,-0.13899449,-0.14685829,0.05109488,-0.2661563,-0.28825152,-0.19674253,0.31027162,0.29638305,-0.1375179,-0.056242,0.25711372,0.35186332,0.33818212
dense_2,dense_2/kernel:0,64,32,58,0.19627967,0.08259337,-0.06557325,0.4479292,-0.29256025,-0.15736803,-0.36920077,-0.421037,0.13940902,-0.19357374,-0.03630224,0.21169598,-0.36128378,0.37778804,0.12373359,0.65737337,-0.023864664,0.5010035,-0.644844,0.21084188,0.10397011,-0.07567619,-0.06355692,0.31246966,0.5197314,0.27551663,0.21205294,0.16437016,0.15436712,0.33232197,0.032099698,0.0038557586
dense_2,dense_2/kernel:0,64,32,59,0.1215574,0.06078104,0.061169304,0.13302846,0.076699995,-0.2360451,0.51637906,0.12426555,-0.10413302,0.12403209,-0.07737789,-0.3161043,0.107655406,0.12432393,0.19109882,0.1244626,0.11019297,-0.11486009,-0.15283653,0.2362999,-0.16559507,0.060300946,0.19381076,-0.2771023,0.42948547,0.09678374,0.1843631,0.0756692,0.1739122,0.18040079,0.18614905,-0.15348494
dense_2,dense_2/kernel:0,64,32,60,0.014550409,0.2874033,-0.2212458,0.22215348,0.11775954,0.23561312,0.3041713,0.03746772,-0.13938141,-0.011262151,-0.1027381,-0.21301831,-0.11037812,0.23354377,0.4707719,-0.37562555,-0.17585415,-0.079351336,0.44135863,-0.27561635,-0.3322029,0.0964069,-0.3724989,-0.73620015,-0.659694,0.36267063,0.07570969,0.10850972,0.21765672,0.41316947,0.20183808,0.118129894
dense_2,dense_2/kernel:0,64,32,61,-0.488575,0.5740017,0.2178719,-0.29918748,0.24799769,-0.06436611,-0.21346839,0.21400113,0.8946548,0.28105474,-0.28372586,-0.20413432,0.50178325,-0.17629303,-0.13711709,0.33638957,0.105417036,-0.48444209,-0.22587837,-0.32512692,0.18434165,0.806599,-0.10422303,0.22880785,-0.12647144,-0.007757553,-2.1996531,-0.7802255,0.41741294,-0.37522635,0.3874353,0.03434532
dense_2,dense_2/kernel:0,64,32,62,-0.4242253,0.3295144,0.35052297,0.29186955,0.29100624,0.13600214,-0.31506994,0.00996232,0.34039018,-0.2999227,0.23937222,0.37515903,0.040664118,0.0737849,0.017853996,-0.1002718,0.23240386,-0.4353234,-0.12781185,-0.03973266,0.1538849,0.0719291,0.3828223,-0.10755387,-0.071782865,0.25136852,-0.19558214,0.3668295,0.32039213,-0.030973969,0.047442447,-0.11538793
dense_2,dense_2/kernel:0,64,32,63,-0.59209967,-0.13499431,0.45413056,0.37067592,0.48694468,0.22532639,0.19352758,0.26793236,0.17268506,-0.04590745,-0.050655026,0.08026206,0.009615539,0.07707951,0.1466285,-0.3116143,0.07449861,-0.14465202,0.20289059,0.031207306,-0.053738974,-0.1434056,0.10488652,-0.28405276,-0.29163745,-0.21619499,-0.1568781,0.17616282,0.13883536,-0.15526427,-0.107168145,-0.043264575
dense_2,dense_2/bias:0,1,32,0,-0.06008111,0.08382351,0.023499273,0.14783823,0.105002925,-0.04942146,0.039580893,-0.022784779,0.038315658,0.05738357,0.12810017,0.08145072,0.12501225,0.11193328,-0.010851905,0.08168477,0.14860673,-0.022105461,0.064819545,0.039059233,-0.025772527,0.005678635,0.112071134,0.16527942,0.11381811,0.09912074,0.34223834,0.1539531,0.055266064,0.0396022,-0.007822874,-0.057544984
dense_3,dense_3/kernel:0,32,32,0,0.46880803,-0.13760951,0.4663247,0.115555294,-0.42848003,-0.17119308,-0.39011833,-0.8035364,0.28422347,-0.6657664,0.23025663,-1.4222306,-0.17242986,0.08842941,0.052899357,0.23959582,-0.30570674,0.027587892,0.1465198,0.81598574,-0.08784771,-0.11479431,0.20579793,-0.0361311,-0.48140237,-0.07628968,0.20045327,-0.36004353,0.09108714,0.43509597,-0.3153632,0.32567465
dense_3,dense_3/kernel:0,32,32,1,-0.31976423,0.07158286,-0.12797631,-0.17775391,0.04184083,0.30184677,0.011409145,0.4769925,-0.20590937,0.34120527,0.2663731,0.32446104,0.12660435,-0.49153036,0.25963333,-0.11348904,0.43196064,-0.33101788,-0.02341186,-0.35438672,-0.46195576,0.5567807,0.038227502,-0.38063172,0.2131935,-0.1765136,-0.25052443,0.3029119,-0.15637693,-0.19774543,-0.12649964,-0.091512576
dense_3,dense_3/kernel:0,32,32,2,0.44109905,0.028149499,0.013675383,0.21750607,-0.3019133,0.38313022,-0.24206552,-0.6413939,0.15563367,-0.13994636,0.15970708,0.39817655,-0.33573338,0.06264698,-0.15021838,0.22006707,-0.30043557,-0.17796856,-0.035201803,0.6752736,0.40505734,-0.19831163,0.39874604,-0.048907775,-2.0037467,0.26576415,-0.060262643,-0.23068401,-0.20152397,0.815466,0.30253354,-0.021519748
dense_3,dense_3/kernel:0,32,32,3,-0.011908425,0.34096828,-0.32811797,-0.33853817,-0.24655032,0.40494698,-0.32475734,-0.030216333,0.44226933,0.0056766775,-0.20909716,0.63206375,0.0067063016,0.5701081,0.34960234,0.23571177,-0.22783197,-0.22191454,0.1812106,0.20258753,-0.01219021,0.12255198,0.06854148,-0.15951,-0.06352023,0.01852307,-0.23696847,-0.34584364,0.015365958,0.53147405,0.19493718,0.42000052
dense_3,dense_3/kernel:0,32,32,4,0.62150395,-0.0621279,-0.17198232,0.096148215,-0.21068694,0.16257082,-0.09746189,-0.12191286,-0.19353478,-0.26405957,0.3961023,-0.12252476,-0.3269174,0.480535,0.46655405,0.054751806,-0.5989404,-0.1854548,-0.15975751,0.71674126,-0.13060394,-0.16790855,0.04067315,0.33603424,-2.1793253,0.361212,-0.29157424,-0.2697145,-0.04446554,0.522964,0.35359746,0.54920995
dense_3,dense_3/kernel:0,32,32,5,0.4858213,-0.0031114013,-0.04548838,0.31453466,-0.07209307,-0.03556321,0.062401198,0.3161741,-0.24147034,-0.08781534,0.20262377,0.07324272,0.20019439,0.55091226,0.108456805,-0.11403159,-0.11786264,-0.15021199,0.23510455,0.2075094,0.17093955,-0.11773462,0.3688898,-0.20355287,-0.39953354,-0.22308825,0.22102965,0.27630892,0.0132065015,0.3077649,-0.12256508,0.26028728
dense_3,dense_3/kernel:0,32,32,6,0.9562973,-0.11609104,0.0099058645,0.7167917,0.34868905,-0.30562985,-0.4959472,-1.4815744,0.10626271,-0.44919473,-1.2098637,0.30969313,-0.23818727,0.14487608,-0.18969321,-0.26296467,0.9356418,0.15115353,0.5977436,-0.087283805,0.54659426,-0.3079051,0.34555924,-0.17252687,-0.59657395,0.18535535,0.12160358,-0.5557481,-0.1713351,0.38349843,-0.38462305,-0.26948255
dense_3,dense_3/kernel:0,32,32,7,0.1726352,0.3414683,-0.36028233,-0.23748668,0.24747127,0.26189455,-0.4102118,-0.40278304,-0.031984534,-0.34916618,0.2739708,0.2726284,-0.55651337,-0.14554456,0.3170895,0.21370807,-0.10985583,0.06825986,0.3727897,0.06537492,-0.25691557,0.56192863,0.7597082,0.51394963,-0.5778533,0.16439924,-0.1880313,-0.35634857,-0.11108345,-0.1871619,0.03332172,-0.29180318
dense_3,dense_3/kernel:0,32,32,8,-0.21825781,0.32450005,-0.56503224,0.48876002,-0.005019958,-0.03889695,0.044926107,-0.47318426,-0.35392797,0.40014872,-0.04990327,-0.2657185,0.081318244,-0.51922715,0.47277665,0.3900842,-0.04343671,-0.15734759,-0.1931389,0.072808385,0.17003518,0.14097396,0.03669374,0.2141495,-0.31531557,0.33617783,-0.3059164,0.085399166,-0.15113276,0.047977522,0.39163658,-0.28413573
dense_3,dense_3/kernel:0,32,32,9,-0.024618164,-0.12690264,0.23245047,0.91547763,1.0328152,-0.7207038,0.13184717,0.04112066,-0.91815853,0.09922393,-0.4595401,-0.035990205,0.16878952,0.31140494,-0.54311097,0.047195997,1.453614,0.12735929,-0.17641322,-0.45084444,-0.05814475,0.10764822,-0.24796566,0.4318762,0.092264526,-0.04412456,-0.19711973,0.5276004,0.12947497,-0.13374163,-0.12826994,-0.54613596
dense_3,dense_3/kernel:0,32,32,10,0.29920572,0.02825116,0.07642789,0.017868955,0.026474455,0.5745314,-0.19606827,0.4030471,-0.009231505,-0.24520896,-0.39288965,0.12204411,-0.31859425,0.5211594,-0.3430818,0.03802222,0.18227108,0.104830705,0.23547384,-0.33369052,0.1495178,0.22689259,0.42561474,-0.29710737,0.012004278,-0.18392423,-0.33674586,-0.35749537,-0.21319208,0.44239756,-0.23653452,0.050786447
dense_3,dense_3/kernel:0,32,32,11,-0.31140774,-0.3714431,-0.29486734,0.90791214,1.1077205,-0.30293196,0.42426884,0.13905278,-0.35644594,-0.14874627,-1.5144218,0.0013190999,0.16735719,-0.19791637,-0.39483598,0.40489426,1.1133237,-0.05440446,0.27591822,-0.12907721,0.05978563,0.07697612,-0.083780594,-0.3587446,0.38126695,-0.16761984,-0.19993861,-0.031915363,-0.10573405,-0.25412366,0.32515922,-0.88794565
dense_3,dense_3/kernel:0,32,32,12,-0.15624833,0.18154685,-0.4313188,0.20713194,0.11096714,0.17552775,0.27385902,0.011721346,0.01563389,0.39678583,-0.007129294,-0.1907324,-0.08565259,-0.5852908,0.14047563,-0.274028,0.18743333,0.16441524,0.3559842,-0.29531923,0.032021556,0.48383313,0.37357283,-0.13103184,0.26304463,0.093214676,-0.253286,0.089413024,-0.23836324,-0.28240252,-0.17938256,-0.22626755
dense_3,dense_3/kernel:0,32,32,13,0.38065693,0.28873068,-0.049048375,0.051595643,0.04127975,0.22167522,0.05527107,-0.040296108,0.4575913,-0.025916316,-0.22242318,0.07238901,0.37794772,0.3770344,-0.15262115,-0.07483533,0.32138515,-0.19594459,0.37357828,-0.039642658,0.3556318,-0.041941244,0.243578,0.17500794,0.40116483,-0.11080897,-0.1312175,0.30069566,-0.11680033,0.19838223,0.18870583,0.5391297
dense_3,dense_3/kernel:0,32,32,14,0.34419644,-0.20219903,0.584328,-0.21676745,0.05950278,0.02758488,0.38553718,0.3208341,-0.17206815,0.28974262,0.038053557,0.30194277,0.48066854,0.12701912,0.30533797,-0.5763253,0.008844744,-0.27127123,-0.11856246,0.45200816,0.032709803,0.38383284,0.020377357,-0.15437305,0.24821162,-0.104175486,-0.035506662,0.36889583,-0.027875453,0.22508566,-0.097896114,0.03850081
dense_3,dense_3/kernel:0,32,32,15,-0.3877405,1.0703826,-0.37838903,-0.6732064,-0.3587552,0.6491294,0.49760908,0.35684088,0.575616,0.7141921,-0.2045159,0.53314,0.68726784,0.38485056,0.15604533,-1.044621,0.050758503,-0.011558023,0.24661876,-0.23842277,-0.19033818,-0.11642568,0.062849894,0.6443025,0.32223433,-0.5965061,0.010390687,0.25541568,-0.14557399,-0.08050902,0.30878738,0.15445307
dense_3,dense_3/kernel:0,32,32,16,0.38390988,0.18105932,0.28462017,-0.0053579626,0.59529185,-0.052602757,-0.004752078,-0.008208569,0.2448435,0.3371407,-0.39835763,0.33496395,0.18306956,-0.19186464,0.0013066521,0.2844863,0.60912687,0.05385357,0.37355375,-0.059254836,0.3194097,-0.1984356,0.0012065979,0.124459796,0.12518255,-0.1779022,-0.30996847,0.24068438,-0.04325056,0.110522784,0.46078405,0.048535988
dense_3,dense_3/kernel:0,32,32,17,0.4877845,-0.06957642,0.39394563,-0.16175316,0.021774486,0.111793175,-0.3184427,0.16575743,0.103811346,-0.43866158,0.47069666,-0.38876057,-0.038884263,0.11448038,-0.18833412,-0.38867578,-0.038328327,-0.335443,0.15908311,0.43193656,-0.051492233,0.16531512,0.058504604,-0.04706953,0.1140199,-0.0171106,-0.19004808,-0.38239732,-0.21494605,0.33871597,-0.43267262,0.4111359
dense_3,dense_3/kernel:0,32,32,18,-0.4227943,0.10840123,0.40746263,-0.27987432,-0.122714125,-0.19502304,0.77090913,0.5296081,-0.31970215,0.45524827,-0.12788647,-0.750256,0.9598465,0.13488525,-0.13580985,-0.0041677156,0.3822019,-0.21319999,0.035457138,0.436048,0.049357682,-0.0373838,-0.3071143,-0.06690439,0.45063362,0.02749192,0.22110179,0.6370352,-0.11409413,0.09072221,0.3896145,0.052527096
dense_3,dense_3/kernel:0,32,32,19,0.19398876,0.39987108,0.16174954,0.041522205,-0.1346647,0.40753713,0.05443115,-0.059443586,0.37640858,-0.12438359,0.22357953,0.52454317,-0.10189058,0.066453815,-0.25602633,0.1278498,0.21051674,0.20962423,0.26897204,0.2596634,0.37489814,-0.27510273,0.100244805,0.24929106,-0.2189957,-0.06085879,0.06899057,-0.34227604,0.27390304,-0.00885739,0.3565045,0.5259635
dense_3,dense_3/kernel:0,32,32,20,0.5924599,-0.16459131,0.19924614,0.63811386,0.64255124,-0.2714844,-0.3080912,-0.33208883,-0.38835838,-0.39707813,-0.68817514,0.14546679,-0.3261674,0.18081634,-0.04756243,0.36841178,0.5741143,-0.24129187,0.6210539,0.08267238,0.26709947,0.06373885,0.025944922,0.14261024,-0.11673338,-0.10460494,0.09185361,0.15239435,-0.1481231,0.13270622,0.14126939,-0.13861603
dense_3,dense_3/kernel:0,32,32,21,-0.46959049,0.26354706,-0.44733483,0.2007634,0.2817689,0.23262928,0.43030247,-0.10891496,-0.116210654,0.51270485,0.26111284,-0.063113935,0.5385803,-0.57039934,0.3135878,0.32523602,0.19388159,-0.25845212,-0.4477383,0.23963898,0.2040298,0.15454224,-0.31309426,0.60368776,-0.17270422,0.42387345,-0.13309608,0.44078502,-0.13973562,-0.2762355,0.7060911,-0.44068995
dense_3,dense_3/kernel:0,32,32,22,0.049446262,-0.47273484,-0.2542575,0.3007313,-0.019657426,-0.51816714,0.0342444,-0.22506398,0.031178977,-0.3119426,0.27712643,-0.401487,0.42029852,-0.32556543,0.09024394,0.9570506,0.05248574,0.2261349,-0.71538615,0.55442953,-0.16469342,0.1219272,0.017213436,0.026803333,-0.029701047,0.02616068,-0.13949539,0.34656417,-0.27473024,-0.1595698,0.74961823,-0.08417156
dense_3,dense_3/kernel:0,32,32,23,-0.1448986,-0.017681846,0.32521215,0.019143978,-0.31212297,-0.4840458,0.3663363,0.2785487,0.2779798,0.12732634,-0.93215394,-1.6877974,0.587824,-0.5756477,0.32148615,0.52863437,-0.042811982,-0.31469908,-0.04823456,0.015529681,-0.5350492,0.107486255,-0.26607713,0.38818082,0.5084284,0.21917377,-0.24548429,0.25588566,0.06700373,0.0027213572,0.6739749,0.24961959
dense_3,dense_3/kernel:0,32,32,24,0.35521045,-0.2520651,0.8755309,-0.4444844,-0.25455558,0.19864616,0.020683104,0.138973,0.7445443,-0.36090472,-0.031088,-2.4124594,0.32581872,-0.100240156,0.2133612,0.24789399,0.09577375,-0.23805933,0.020348936,0.29923788,-0.46941137,-0.22637936,0.32768992,-0.21692714,0.36482427,-0.28317305,0.19620761,0.030261148,-0.009383382,0.5411253,0.016429123,0.6280144
dense_3,dense_3/kernel:0,32,32,25,0.06935686,-0.3016454,0.6003557,0.42941847,-0.06622901,-0.23238556,-0.19796371,0.086502604,-0.30253175,0.11880329,0.34192038,-0.35887694,0.0887848,-0.13499454,-0.12935261,-0.6657548,-0.21315342,-0.07354752,-0.40295467,0.3667133,-0.09545445,0.50581986,0.351675,-0.14171526,0.24246126,-0.19182782,-0.07530309,-0.007834456,-0.23881888,-0.27518657,-0.27801248,-0.0827679
dense_3,dense_3/kernel:0,32,32,26,-0.25256005,0.6568222,-0.399871,-0.011926363,0.39475435,0.45840314,-0.32364458,-0.2966399,-0.032424625,0.15164234,0.41875687,0.33723027,-0.6358234,-0.2438883,-0.10932196,-0.39144763,-0.32632136,-0.010437733,0.15124962,-0.3229579,-0.34715286,1.1340464,1.031302,-0.7032188,-0.22540675,-0.9299016,-0.11133197,-0.3698858,0.26876143,-1.4961112,-0.95252454,-0.19026713
dense_3,dense_3/kernel:0,32,32,27,-0.06608817,0.1996088,-0.06806948,-0.21023592,0.0543743,0.52313954,-0.12891467,0.059970025,0.37906885,0.2818524,-0.53052646,-0.007209034,-0.32281014,0.17829971,-0.43232274,0.41779572,0.2234931,0.20031954,0.46910954,-0.31662017,0.009326815,-0.14472717,0.03166507,-0.5522264,-0.078413226,-0.30430853,-0.10056189,-0.31016886,-0.23586774,0.066082045,-0.054681838,0.40369293
dense_3,dense_3/kernel:0,32,32,28,-0.23937096,-0.14820471,-0.20090182,-0.013931537,0.19164342,0.006015064,0.049070362,-0.032156374,-0.05924037,-0.14892648,0.43400925,-0.24379107,-0.10370698,-0.34435895,0.31077594,0.1361188,0.0063928287,-0.0423751,-0.19486557,0.10023897,-0.076656885,0.5052597,0.53249454,0.2258386,0.3148599,0.050443005,0.10033896,-0.021463515,-0.29010183,0.041055966,0.03547075,0.029731492
dense_3,dense_3/kernel:0,32,32,29,-0.06427227,-0.121520735,0.7329634,0.04210778,-0.11088423,-0.22454679,0.45696115,0.4626357,0.2978939,-0.005760058,0.52132493,-0.3973459,0.3275734,-0.052527327,0.2123033,-0.4655319,-0.18372284,-0.12030605,0.12953246,0.4540022,-0.3636484,0.28849944,-0.1361775,-0.31897622,0.20130304,0.18440622,0.020316567,0.29935083,0.024159547,-0.018001841,0.05363319,0.048968278
dense_3,dense_3/kernel:0,32,32,30,0.1316548,-0.01519655,0.29110804,0.461131,0.45042008,0.3262967,0.33706814,-0.036190774,-0.101367734,-0.1573364,0.1090365,0.21184623,-0.3170334,0.3192483,0.41633376,-0.25408077,0.23111132,-0.28047496,-0.2461417,0.2868528,0.23785411,0.1189393,0.02054382,0.5123093,-0.0014823573,0.31466305,0.0075439033,-0.23252437,-0.18911862,0.0149232205,-0.18250029,0.05031276
dense_3,dense_3/kernel:0,32,32,31,0.036431897,0.4853988,0.5185322,-0.09092635,0.24292271,0.011887775,0.37151688,-0.022307005,-0.05040258,0.2799871,0.2909503,0.29422113,0.115169175,0.34089148,0.0001280406,-0.7469671,0.29817545,0.14091936,-0.24083513,0.2788433,0.15477152,0.37660712,0.022812607,-0.14373684,-0.08031453,0.009472552,0.15771602,0.32887277,0.2151514,0.22869065,0.07588554,-0.18940844
dense_3,dense_3/bias:0,1,32,0,0.052982755,0.06496441,-0.01636473,0.07332084,0.16970228,0.07466252,-0.044332273,0.15860192,0.07272664,0.061973542,0.077031836,0.1208534,0.065844685,0.10729376,-0.052450046,0.0568489,0.16186175,-0.04860625,0.118222326,-0.0200837,-0.01641095,0.15817359,0.0862296,-0.14175248,0.13961409,0.12510285,-0.01580091,-0.034877244,-0.00852587,0.04836455,0.11472931,0.094703
dense_4,dense_4/kernel:0,32,6,0,0.3542621,-0.40377674,-0.3453156,-0.015167257,-1.0429744,0.12480444
dense_4,dense_4/kernel:0,32,6,1,0.14062351,0.3273965,0.5701237,-0.4924158,-0.004486054,-1.2047019
dense_4,dense_4/kernel:0,32,6,2,-0.025637327,-0.08897074,-2.772466,0.43470985,-0.1283479,0.60474515
dense_4,dense_4/kernel:0,32,6,3,-0.996733,-1.0025771,0.43532008,0.5858443,-0.25150555,0.26423708
dense_4,dense_4/kernel:0,32,6,4,-0.7778157,-1.2641932,0.68105876,0.57325584,0.43868834,-0.09565174
dense_4,dense_4/kernel:0,32,6,5,0.23142341,0.55325276,0.4173093,-0.57996285,-0.78903806,-0.90446246
dense_4,dense_4/kernel:0,32,6,6,-1.6870608,0.4660595,-0.00541483,-2.4556985,0.71219283,0.47355586
dense_4,dense_4/kernel:0,32,6,7,-0.11800256,0.13405327,-0.71168506,-1.147157,0.49597085,-0.27720273
dense_4,dense_4/kernel:0,32,6,8,0.50154024,0.12750643,-0.32800862,-1.2257153,-0.027460665,-0.16540767
dense_4,dense_4/kernel:0,32,6,9,-0.70473677,0.48088714,0.3896308,-0.939407,0.6812525,-0.35225612
dense_4,dense_4/kernel:0,32,6,10,-1.2382948,0.8255018,-0.69624406,-0.10419271,-0.3967645,-0.69821733
dense_4,dense_4/kernel:0,32,6,11,0.3521491,-0.06155648,0.93297887,-1.4924296,-0.8646044,0.14672658
dense_4,dense_4/kernel:0,32,6,12,-0.49639934,0.12535197,-0.18552756,-1.2557048,0.5052063,0.5518223
dense_4,dense_4/kernel:0,32,6,13,0.55087113,-0.3070977,-0.014256385,-1.0361339,-0.2892579,0.7035651
dense_4,dense_4/kernel:0,32,6,14,-0.49546003,0.5901114,-0.3241907,0.14808312,-0.100555986,-0.6431671
dense_4,dense_4/kernel:0,32,6,15,-1.9758204,-0.06842,-2.515481,0.7003135,-0.1599163,0.56347674
dense_4,dense_4/kernel:0,32,6,16,-0.19691724,-1.1306752,0.46463746,0.22808576,0.4739697,0.27995977
dense_4,dense_4/kernel:0,32,6,17,0.07435502,-0.09069735,-0.14860557,0.30131862,0.16757165,0.036842622
dense_4,dense_4/kernel:0,32,6,18,0.31405687,-0.8415483,-0.066125944,-0.20557725,-0.40304863,-0.39083707
dense_4,dense_4/kernel:0,32,6,19,-0.113148645,0.5865917,-0.88957024,0.28050813,-0.58115476,0.492526
dense_4,dense_4/kernel:0,32,6,20,-0.079189986,-0.23624969,0.67475706,-0.19260262,-0.7759595,0.41419291
dense_4,dense_4/kernel:0,32,6,21,-0.19193032,0.28488615,-0.10874741,0.49609882,0.39749575,-0.8108021
dense_4,dense_4/kernel:0,32,6,22,0.4471953,0.07134105,-0.15840356,0.4585889,-0.48683378,-0.61312616
dense_4,dense_4/kernel:0,32,6,23,-2.0856419,0.57634044,0.100505486,0.35253954,0.24043593,-1.6633791
dense_4,dense_4/kernel:0,32,6,24,-0.10920694,-0.2103063,-0.58411455,-0.6218282,0.75905764,-0.28806597
dense_4,dense_4/kernel:0,32,6,25,-0.71745753,-0.05783861,-0.33157748,0.5417234,-0.18476701,-1.8514031
dense_4,dense_4/kernel:0,32,6,26,0.26383063,-0.24209085,0.075296596,0.31748724,-0.119143,-0.08823638
dense_4,dense_4/kernel:0,32,6,27,-0.6573599,0.020723308,0.101091035,-1.6875911,0.59528357,0.42918766
dense_4,dense_4/kernel:0,32,6,28,-0.14711979,-0.10599322,-0.38248876,0.014424747,0.34596336,-0.33655894
dense_4,dense_4/kernel:0,32,6,29,0.52253,0.22213495,-0.0863683,-0.04297891,-1.10432,0.66020596
dense_4,dense_4/kernel:0,32,6,30,-1.1467531,0.43929717,-0.3737519,-0.12931219,0.42634448,0.56175715
dense_4,dense_4/kernel:0,32,6,31,0.6391769,0.19924316,-0.78902686,-0.925825,-0.4907264,0.183176
dense_4,dense_4/bias:0,1,6,0,0.03625837,-0.037655003,0.037831824,0.041041452,0.049654376,-0.10717534
