dense_1,dense_1/kernel:0,12,64,0,0.00057310006,0.16808479,-0.009801766,-0.019060126,0.07873782,0.14010288,0.084822625,0.30141133,0.15598314,0.25024757,-0.004815346,0.009663115,0.12890582,0.11789999,-0.07542579,-0.2287555,-0.06113041,0.08207041,-0.14907916,-0.00885629,-0.034457393,-0.22654977,-0.016040687,-0.0068308096,0.030636726,0.04696912,0.011990222,0.039421946,-0.04742286,-0.01240681,0.115400076,0.015170983,0.0056950725,-0.08267529,0.06611746,-0.0057565505,-0.17859052,-0.009865674,-0.024228966,-0.030864904,0.046700433,-0.18266022,0.041547224,-0.026705734,0.018977348,-0.23718615,-0.0076869596,-0.01763885,-0.00901331,-0.13621552,-0.043686878,-0.12349788,0.0595542,-0.08421239,0.06670498,0.044198323,0.33891928,0.0936617,-0.14872022,0.10991049,-0.11019229,0.076133326,-0.0059268237,0.006245421
dense_1,dense_1/kernel:0,12,64,1,0.46332017,-0.05192209,0.17480652,0.027485842,-0.028063644,-0.22569272,-0.49182287,-0.113879666,0.41546515,-0.13133511,-0.40983954,0.068646595,-0.41782555,0.06037193,-0.31678644,0.0009272356,-0.49082124,0.19209503,-0.3036554,0.03549185,0.24238056,0.2782072,-0.33656046,-0.37783554,0.13888684,-0.07606841,0.30714133,0.082394145,-0.05828984,-0.43320256,0.5959924,-0.203974,-0.16074792,0.09808696,0.18446772,0.3130578,0.32505763,-0.021440372,0.17452566,0.20956632,-0.41724038,-0.3341472,-0.35465795,0.24030435,-0.34137666,0.29815054,-0.27822927,0.1923728,0.5717939,-0.16462703,-0.13179453,0.48700112,-0.19602008,-0.26824024,-0.03795723,-0.35768965,0.32890448,-0.05829302,0.33279034,0.21812403,-0.28967288,0.12192951,-0.42799908,-0.02673286
dense_1,dense_1/kernel:0,12,64,2,0.19409841,-0.25029978,0.34845147,-0.16189599,-0.03528546,0.30155295,0.0039999876,0.033023696,0.008824148,-0.46663994,-0.18579838,0.011258942,0.08214772,0.23311843,-0.11004238,0.3438703,-0.05251037,-0.07368584,-0.3901318,-0.22943997,0.16240488,0.09361628,-0.30762526,-0.38558438,-0.13784268,0.13623695,-0.58038527,-0.17265679,-0.13400006,0.32104358,0.26365066,-0.2793786,-0.31769714,-0.17989637,0.4475364,0.44887844,0.07363536,-0.11619552,0.37329268,0.29910755,0.37022874,0.12456777,-0.23706132,0.20855378,-0.49979272,0.58364713,-0.11059164,0.5011242,0.14616325,-0.075781934,-0.3596772,0.48155048,0.09754189,-0.5049012,-0.10024895,-0.3967282,0.023048751,0.34233648,0.109621264,0.28921124,-0.5164307,-0.1305687,0.52760327,-0.2505749
dense_1,dense_1/kernel:0,12,64,3,-0.34968728,0.31397265,-0.31035203,-0.5879372,-0.092039645,-0.17355675,0.4398308,0.0939398,-0.020534435,0.18354104,0.2423931,0.29974803,-0.05019262,-0.3315186,0.4064799,-0.114896975,0.47784278,-0.28983766,0.20780233,0.085972555,-0.44520023,-0.23663425,0.0143004395,0.26825583,0.0387452,-0.23817049,-0.24648602,-0.46344045,0.24440958,0.02537093,-0.096958615,0.073211424,0.35952234,-0.34997818,-0.39368892,-0.24492773,-0.029550806,-0.031502414,0.16472383,-0.38372284,0.20500992,0.2700341,0.16857366,-0.14721005,0.0012928293,-0.031012766,0.31494993,0.15760036,-0.19243516,-0.14137925,0.074023075,-0.06653241,-0.06692862,0.0362646,0.2560815,0.43745866,-0.19967267,-0.36807227,-0.24932875,-0.3132155,0.28299895,-0.31144392,0.06694064,-0.08358406
dense_1,dense_1/kernel:0,12,64,4,-0.011279856,-0.24150077,-0.010323034,-0.015719082,0.029551411,-0.119126186,0.13782085,0.055987883,-0.0034680674,-0.23610315,-0.07957488,-0.13073127,-0.069620065,-0.16031702,-0.033773668,0.25132197,-0.033042114,-0.12860847,0.05826077,-0.16013896,0.114191584,-0.053980365,-0.0035311223,0.0001459514,-0.13585562,-0.06846124,-0.0007061649,-0.005735271,-0.05513879,-0.011882482,0.096811384,-0.010106849,0.003058121,0.009707798,-0.09344533,-0.00057366013,0.10771223,-0.14216515,-0.04514584,-0.040685847,0.15543388,0.13042802,0.023147475,-0.009133527,0.006399006,0.19143873,0.011812203,0.03372537,0.0066203554,-0.2894729,-0.07823926,-0.051137667,0.20054688,-0.009915231,-0.03563978,-0.03262534,-0.049209855,-0.092348665,0.029455181,-0.07516593,0.040463686,-0.12503335,0.010791203,-0.14849721
dense_1,dense_1/kernel:0,12,64,5,-0.24077535,0.13890061,0.33104917,-0.12173556,0.42833155,0.42285767,-0.15879422,0.18082625,-0.018332914,-0.46428007,0.1861386,0.46306252,0.08748076,0.06702543,0.16949709,0.10592531,0.18352266,-0.35513267,-0.35586792,-0.16074474,0.024103403,0.09784498,-0.27177766,0.1947158,-0.20604393,0.040378362,-0.50553906,-0.5105939,0.32750502,0.29024482,-0.06584553,-0.010030672,-0.23072536,-0.14209035,0.13111322,-0.033976402,-0.26586175,0.47736204,0.18663222,0.35673854,0.27102003,0.1201965,0.18175955,-0.09657246,-0.16169137,0.30680692,-0.053058475,0.39925367,-0.22892034,0.2978397,-0.19682497,0.17846291,-0.031991042,-0.07091245,0.048040807,0.16908711,-0.13888922,0.34202093,-0.4034598,-0.03324036,-0.123425074,-0.040127307,0.03898392,-0.53176576
dense_1,dense_1/kernel:0,12,64,6,-0.118767016,-0.20465109,-0.4326363,0.41333377,0.2822999,-0.47047818,0.30866784,-0.40332127,-0.48656592,0.6566343,0.23352908,0.3330014,-0.082208216,-0.33804455,0.23181567,-0.26282418,0.034167863,-0.04884928,0.060941648,-0.0681631,-0.04867979,-0.38020304,0.31444687,0.06780496,0.06969641,0.17090127,0.007258748,0.13662216,-0.040106796,-0.21215947,-0.24361847,0.45421302,0.2637609,0.3850514,-0.4247646,0.019780243,-0.0026146402,-0.07341028,-0.1674116,-0.23119037,-0.06349789,0.13977724,-0.043790977,-0.34817302,0.25060767,-0.42027962,0.2954288,-0.15171558,-0.3732274,-0.288766,0.19014747,-0.111099094,0.170571,0.36113486,0.5867552,0.045442045,0.23959608,-0.3653068,-0.041144468,-0.16058762,0.31040183,0.10216539,0.03660079,0.18119396
dense_1,dense_1/kernel:0,12,64,7,0.11308016,-0.41725922,-0.12101613,0.3452973,-0.29146796,-0.5044597,-0.13306116,-0.16542837,-0.1260203,0.5384436,-0.13313825,-0.43104148,-0.3264033,-0.05962841,-0.06315128,0.07139726,-0.28084856,0.4606122,0.11651826,0.2760193,0.18180706,0.31779662,0.014136899,-0.26792184,0.37746248,-0.13237335,0.08279429,0.380339,-0.40969202,-0.41511923,-0.017554646,0.27713144,-0.058228966,0.49297747,-0.21896234,0.39378884,0.34536448,-0.4274713,-0.278161,-0.005296927,-0.18889426,-0.46720663,-0.4681664,0.35431698,0.17232828,-0.44659725,-0.07891898,-0.014375973,0.27314776,-0.076744094,0.09519678,0.23032223,0.0042843386,0.24197368,0.25928673,-0.2443812,0.1463494,-0.0013418822,0.30306908,-0.28943083,-0.07007297,0.01776634,-0.42242268,0.0976689
dense_1,dense_1/kernel:0,12,64,8,-0.010631558,-0.06783565,0.006518133,0.002255773,-0.09418647,-0.028533021,0.04648125,-0.035419982,-0.09605031,-0.003904877,0.06541571,0.043872256,0.05110654,0.09329905,0.022955853,0.0024149797,0.04713484,0.07070854,0.028352018,0.121510506,-0.115098126,0.23998745,-0.014951282,0.020971688,0.2521764,0.15503258,-0.02368954,-0.054733675,-0.19773817,-0.014940673,-0.16466647,-0.013221898,-0.079896405,-0.016548133,0.04907801,-0.008757253,0.067640655,0.20804323,0.057802282,0.04923913,-0.03753624,0.0003448179,-0.01970125,-0.12541018,0.011200494,0.017446484,-0.0167618,-0.027436048,-0.0036755733,-0.0060884943,0.05941904,0.10605763,0.07774214,0.06937595,-0.12212864,-0.05675987,0.08660911,-0.06386471,-0.07866859,-0.041080557,0.08141236,-0.25452387,0.0012874954,-0.14189449
dense_1,dense_1/kernel:0,12,64,9,0.7930817,0.15205161,0.4420484,-0.43417278,0.3033464,-0.14850189,0.3588486,-0.5452998,0.5401711,0.3755614,-0.5528364,0.7148259,-0.0038041826,-0.1883341,0.083003685,0.34352574,-0.06523056,-0.20864193,0.45272592,-0.33930886,-0.16062094,0.28571856,0.5805321,-0.63819563,-0.56105703,0.47714305,0.5483851,0.3794369,0.18221764,-0.5284995,-0.16463694,-0.26187637,0.4832888,-0.6109817,-0.7468465,-0.39882433,-0.5702372,-0.15875925,-0.5382731,0.368064,-0.22222905,0.62910134,0.59373444,-0.42541534,-0.34568092,-0.5873286,-0.56590885,0.45704463,-0.47918823,0.10198553,0.561508,0.20434298,0.24897808,-0.4325417,-0.26526845,0.48544183,0.26857907,0.3246356,0.20689434,-0.42771694,0.08314689,0.3328124,-0.5080036,-0.4540757
dense_1,dense_1/kernel:0,12,64,10,-0.34638882,0.37711787,0.4408911,0.58466846,0.007142974,-0.16161922,0.0110632805,0.38335893,-0.65961295,-0.33489493,0.33850726,0.18874648,-0.45288008,0.12039744,0.4950166,0.33143455,0.055141818,-0.18335387,-0.47675273,-0.5180138,0.71654564,-0.22647905,-0.3249253,0.4657704,0.6020022,0.19389391,0.5683547,-0.7054225,0.44619814,-0.4888272,0.6811491,-0.29292274,-0.29983807,0.38590133,0.13085589,0.52804047,-0.15527904,0.7589344,0.4066423,0.36376697,0.26423076,-0.04702848,-0.38071144,-0.5647628,0.77491486,0.27629334,0.02656103,0.059603773,-0.5300395,0.0011180892,-0.26539892,-0.5058858,-0.5183072,0.75492734,0.8074493,-0.87669253,0.12109067,-0.52651376,-0.37334523,0.5280022,-0.41315237,-0.23516646,-0.48989412,0.59765416
dense_1,dense_1/kernel:0,12,64,11,-0.30946773,-0.2392161,-0.745398,0.57328415,-0.13840826,0.1396412,-0.21013595,0.42073897,0.27631745,-0.20493263,0.30265048,-0.23358816,0.27750748,0.06408783,-0.63814795,-0.03129663,-0.4763175,-0.357926,-0.5399944,0.5027565,-0.24887721,-0.15634368,-0.29508963,0.44337875,-0.24120963,-0.34350127,-0.57432795,0.28313187,0.029112706,0.7147113,-0.49037465,0.7134081,-0.42413136,0.43834564,0.3076016,-0.40959078,0.50365686,-0.14011312,-0.11924304,-0.2836845,-0.2054944,-0.6205442,0.13896921,0.51694417,-0.34005246,0.34672266,0.39345872,-0.59510845,0.70884115,-0.2229758,-0.29952884,-0.015483743,0.36655563,-0.33430892,-0.31872562,0.44074765,0.4663212,0.09419882,-0.31087092,0.26687095,0.4811073,0.48033485,0.4717937,-0.08662714
dense_1,dense_1/bias:0,1,64,0,0.049903028,0.19503333,0.019864272,0.060038995,0.18642503,0.16820353,0.15532762,0.14895618,0.11384992,0.19382074,0.0501442,0.35207465,0.028344717,0.03355072,0.1870351,0.0729872,0.11571588,0.1741795,0.22709234,0.30235857,0.09464121,0.15783453,0.07363435,0.01026553,0.09950871,0.26451856,0.023033459,0.1388909,0.2772008,0.06525952,0.0277548,0.0363301,0.16007277,0.22086652,0.17916322,0.025797516,0.28571075,0.22154646,0.08566722,0.046086844,0.19147383,0.08824122,0.20914423,0.39628017,-0.034585025,0.05527675,0.017730232,0.13062057,0.022944603,0.23004635,0.12111773,0.2161312,0.2574844,0.1945981,0.31709394,0.12212803,0.041506283,0.08633616,0.23706101,0.12234397,0.1021694,0.15422113,-0.007579692,0.2781188
dense_2,dense_2/kernel:0,64,32,0,0.37796417,0.5168946,-0.22730863,-0.29323703,-0.06953587,0.13183333,0.49564064,0.119585186,0.3808539,-0.082770154,-0.6008088,0.3865222,0.2614085,-0.6204785,0.44657075,0.09166684,1.3610326,-0.907599,0.45326495,-0.30298266,0.8835956,0.07039754,0.6711993,0.04719117,0.43821642,0.11330678,-0.017785246,0.006394291,0.1042475,-0.1073778,0.44056255,-0.07294021
dense_2,dense_2/kernel:0,64,32,1,-0.043354575,-0.22885804,0.15746705,0.11265983,0.31636843,0.17073669,0.3408828,-0.11483599,0.3389519,0.21824808,0.3762696,0.1662713,0.26393726,-0.27790704,0.52225417,0.27700695,0.020872332,-0.14480266,0.074890114,-0.15036435,-0.0640436,0.02465958,-0.24548882,0.13570872,0.01791242,0.28374854,-0.35973847,0.001947834,-0.20310454,0.0010879422,0.3372537,0.0015122566
dense_2,dense_2/kernel:0,64,32,2,0.83612394,0.16465372,0.16338216,0.08794977,0.6814752,-0.1421768,0.44502208,0.35983515,0.2056884,-0.26907015,0.18636876,-0.32870126,-0.497703,-2.0685747,0.38072503,-0.019475847,0.41975066,0.09883908,-0.08269683,-0.08018497,0.026330981,-0.46461096,-0.50581706,-0.11330926,-0.5079608,-0.6964412,-0.64184743,0.26404008,-0.39263326,0.05590183,-0.1528921,0.46899715
dense_2,dense_2/kernel:0,64,32,3,-0.36306253,-0.89388853,0.4951045,0.42142373,0.55006206,0.2636016,-0.0784528,-0.236064,-0.100872904,0.80838186,-0.17456831,0.12955412,-0.5639904,0.16212209,-2.4442856,0.46406263,-0.48743773,0.2611214,-0.058788065,-0.05791483,-0.21207131,0.19054504,-0.46339062,-0.3896803,0.058198832,-0.5234347,0.514682,0.49809435,-0.40614757,-0.15691225,-0.0521515,0.592717
dense_2,dense_2/kernel:0,64,32,4,0.12956992,0.055579092,0.16040878,0.011919227,-0.21046023,0.11454701,0.1525444,0.32706606,0.14574485,0.121494226,0.16974708,0.17655112,0.13793796,0.10466028,0.31631705,0.071342275,-0.23076306,-0.2341158,-0.059803806,0.104040146,0.054262433,0.3007504,-0.06814148,0.11859197,0.23197842,0.015371787,-0.34281865,0.07043032,-0.087597206,-0.09502439,0.13279787,-0.05889373
dense_2,dense_2/kernel:0,64,32,5,0.33303857,0.10297159,0.3068618,-0.1697825,-0.11197389,-0.066279784,0.18881944,-0.10823272,-0.1505456,-0.05015723,0.4759181,-0.13974375,-0.04874649,-0.07359181,0.35127342,-0.2722384,-0.120008074,0.14100625,0.45432144,0.33144462,2.1850341e-05,0.038429417,0.09728949,-0.37259012,-0.24542984,-0.01913931,0.17839041,0.19796549,0.0848217,-0.17847651,-0.08426512,0.20745619
dense_2,dense_2/kernel:0,64,32,6,0.06664517,-0.13559252,-0.004081467,0.30028865,0.32459006,-0.0028873077,-0.016747432,0.09308998,0.26518947,0.14497754,0.021200683,-0.13318725,0.15536635,-0.00708608,-0.12373171,0.07265391,0.034655888,0.24379046,-0.22207421,0.0988206,0.0669544,0.2161575,0.16612731,0.2617031,0.29096738,0.14191899,-0.50344735,0.06456101,0.2885937,0.34036672,0.31219658,0.35411647
dense_2,dense_2/kernel:0,64,32,7,0.18131384,0.23460232,0.2604484,-0.23434561,-0.029788421,-0.11736928,0.07018248,-0.19873857,0.2596363,0.22463465,0.3264825,0.19012983,0.09748685,0.07000655,-0.2079764,-0.058031134,-0.21862648,0.22003673,0.0057475194,0.3901082,0.24791476,0.35251036,0.20324096,-0.55614126,-0.10904448,0.17147377,-0.05996879,-0.17838968,-0.02745971,-0.5810016,-0.11989895,-0.11387908
dense_2,dense_2/kernel:0,64,32,8,-0.08943245,0.16069771,-0.21319361,-0.018077243,0.083716586,-0.050899185,0.0755163,0.13658902,-0.1832182,0.20014101,-0.62770236,0.25520703,0.18327682,0.06257656,0.60897094,-0.6328612,0.16256629,-0.07389365,0.7557297,-0.15691161,-0.3308725,-0.032450203,0.06921171,-0.17767169,0.38783473,-0.43582347,0.35576147,0.4127863,0.25900614,0.26243022,0.29215002,-0.1791419
dense_2,dense_2/kernel:0,64,32,9,0.1844522,0.13285851,0.030568795,0.38915417,-0.18896206,-0.19932415,0.111695744,0.3334829,0.22960325,0.044812705,-0.5350813,-0.13330221,0.19675077,0.27371207,-0.3160713,-0.057031166,0.11783897,0.03529167,-0.26101962,-0.1334279,0.18750708,-0.14516625,0.21665029,0.76320815,0.16876711,0.022149265,-0.26869977,-0.19349141,0.27643389,0.5313061,0.16351573,0.22666952
dense_2,dense_2/kernel:0,64,32,10,0.3123225,0.1274186,-0.39446983,-0.3707199,0.10255117,-0.2451954,0.36434966,0.0851826,0.11084334,0.1265747,0.42792785,0.18334116,-0.04950005,0.22803864,-0.048831362,0.31132117,0.072607115,-0.3411061,-0.29179153,-0.20899867,0.33816722,-0.15391192,0.0868988,-0.1288214,0.32764542,0.31447515,-0.009625858,-0.1398009,-0.15267429,-0.33318785,-0.15870453,0.22459926
dense_2,dense_2/kernel:0,64,32,11,0.09304714,-0.3391728,0.51519465,0.2303301,0.22486007,-0.04512529,-0.010254363,0.41933078,0.3724908,0.14323106,-0.091912724,-0.024693154,0.3331665,-0.29566595,0.20522644,-0.10659554,-0.024326151,0.2322869,-0.07033252,-0.109959185,0.02961621,0.18417238,0.08504568,0.31252372,-0.0009675978,0.09239615,-0.6690476,0.27780738,-0.04556708,0.036494553,0.2534021,0.3410169
dense_2,dense_2/kernel:0,64,32,12,0.023879252,0.26231542,-0.0951867,-0.03313148,-0.0076759886,-0.46576053,-0.22492589,0.22908117,-0.15191324,-0.19889499,-0.024249114,-0.27781785,0.22812924,0.049057413,0.4142423,-0.08510287,0.12456205,0.05482387,0.3733264,0.20652366,0.10509284,0.34549958,-0.05280159,-0.01652707,0.07192608,0.22784668,0.09008464,0.16578238,0.016101593,0.24754499,0.08751152,-0.29391533
dense_2,dense_2/kernel:0,64,32,13,0.07359446,-0.045208257,-0.14005335,0.055021007,-0.052539926,0.016626215,0.020738525,-0.21259914,0.081932805,0.14670008,0.032305785,0.12219864,-0.17810662,-0.1086363,-0.20025939,0.027733188,0.26519978,0.39580932,0.016336646,0.38033697,0.0075509893,-0.1857845,0.12297506,-0.2501475,0.118431926,0.19363892,0.19044437,-0.050385363,0.049548034,-0.41344547,0.2682548,0.18760137
dense_2,dense_2/kernel:0,64,32,14,-0.31812212,-0.94398075,0.14207566,0.1607922,0.28423175,0.0047273743,0.00835151,0.105818234,0.34788522,0.36374882,0.42708096,-0.0811616,0.34923437,0.0350266,-0.03902423,0.31260195,-0.40040702,-0.26967424,-0.3237598,-0.077480435,-0.039434366,0.21234058,0.023146156,0.20841388,0.2583682,0.26801217,-0.8129514,-0.051086217,-0.10913834,0.042254906,0.38758388,0.22739191
dense_2,dense_2/kernel:0,64,32,15,-0.22021677,0.16445509,-0.08554452,0.06438692,-0.018221278,0.3365819,0.15821747,0.21143575,-0.033705037,0.27183,0.26496443,0.07417954,0.104094796,-0.0821441,0.34965125,-0.030971153,0.060402147,0.0014646845,0.1731056,0.028679995,-0.11579984,0.16364162,0.023715368,-0.30464795,0.08522982,0.27024558,0.092585504,-0.08060954,0.38145283,-0.27859548,-0.041288134,-0.096712865
dense_2,dense_2/kernel:0,64,32,16,-0.16517706,-0.24505392,0.26937827,-0.26715448,0.20746829,-0.2100364,0.27483973,0.23031023,0.40501475,0.32348204,0.25284448,0.12767714,0.2550175,0.16704436,0.23902665,-0.08957429,0.08853393,0.12762707,-0.1754137,-0.04775437,0.0015514347,0.2327336,0.16856667,-0.07461854,-0.14041187,-0.10892033,-0.44825673,0.110126704,-0.016753923,0.28656307,0.080720186,-0.09299759
dense_2,dense_2/kernel:0,64,32,17,0.2634634,0.07187673,-0.66777444,-0.104710996,0.037295718,0.20556216,0.0061360146,-0.1956233,0.04519526,0.10550808,-0.42446598,-0.00893065,-0.14903943,0.1582165,0.09777025,-0.05980159,0.531135,0.25799748,0.05644644,0.096563436,0.23880711,0.036230437,0.11795244,0.060247447,-0.011628781,0.22148426,0.30239886,-0.1582459,0.046663124,0.32116506,-0.036091387,0.19464839
dense_2,dense_2/kernel:0,64,32,18,-0.17251486,0.025604635,0.038272846,0.37022483,0.31679174,-0.39959773,-0.09376391,0.1889718,0.34335443,0.10100598,-0.2900758,-0.07000523,0.2345334,0.10726714,0.46898365,-0.03976492,-0.030614711,0.22655757,0.079991736,-0.15252933,0.28186765,0.17659222,0.089641124,0.6524661,-0.19406432,0.22224405,-0.14126989,0.108569026,-0.16309318,0.42789313,0.0014178072,0.16845955
dense_2,dense_2/kernel:0,64,32,19,-0.00877118,0.061791614,-0.06296274,0.2677466,0.052863,-0.135389,0.2993226,0.515778,0.06344717,-0.13224937,-0.5009118,0.23971955,-0.123163305,0.47964188,-0.384655,-0.2598684,0.016075557,-0.04090162,0.09266157,0.33678076,-0.25157887,0.07970734,0.054005586,-0.099772476,0.09550506,0.0858441,0.45954812,0.22328475,-0.033527862,-0.008391338,0.12278386,0.2729248
dense_2,dense_2/kernel:0,64,32,20,0.08866785,0.19544086,0.3330148,0.27996197,0.23170123,0.71709365,-0.034471665,-1.1240063,0.21079919,0.059559323,0.38606584,-0.50207573,-0.327449,-0.2517576,-0.4259913,0.0889475,0.008691631,0.14377455,-0.09283933,-0.040661927,0.12566802,0.39251643,-0.15583876,-0.09919056,-0.11630015,0.10088154,-0.13854456,-0.20668882,-0.18562998,-0.29213732,-0.14468877,-0.098135896
dense_2,dense_2/kernel:0,64,32,21,0.25931635,0.43585324,-0.37727246,-0.06105814,0.2741054,-0.016992161,0.2161606,-0.29034898,0.25740173,-0.050831027,-0.23665322,0.09698623,0.035445232,-0.36736807,-0.073095955,0.006012662,0.33649558,-0.0077848407,0.43171072,0.0041434877,-0.08609742,-0.07324726,0.23785,-0.05564664,0.17496201,-0.3522134,0.48033917,0.05459398,0.02471037,0.12785088,0.18725753,-0.09867825
dense_2,dense_2/kernel:0,64,32,22,0.080490924,0.39597324,0.06614032,0.367136,-0.076749384,-0.65248996,-0.31139484,-0.0061475434,0.35585138,-0.14811528,-0.30747962,0.15809894,-0.079826996,0.05073244,-0.06853804,-0.14883904,-0.122266084,0.1689436,-0.2942706,0.32833582,0.24289457,0.09929224,-0.14107543,0.88670564,-0.011273319,0.19979763,0.11426707,0.044227306,0.46628118,0.7405066,0.122394264,0.07079075
dense_2,dense_2/kernel:0,64,32,23,0.3511333,0.04594344,-0.5772655,-0.7358334,-0.023829512,-0.21046597,0.6054966,0.06932479,0.4165607,-0.260642,0.4346896,0.28410167,0.25468546,0.0046878923,-0.17109144,0.18073913,0.4487818,-0.2612319,-0.55200833,-0.14445864,0.5480807,-0.055870723,0.07971682,-0.36255893,0.0038457343,0.17410707,-0.5785396,0.03542289,-0.15957393,-0.52062744,0.2690836,0.06379407
dense_2,dense_2/kernel:0,64,32,24,-0.2334956,-0.1677963,-0.15638971,0.28915492,0.39366335,0.2906267,-0.0829057,-0.41595894,-0.25284144,0.31500942,0.18264256,-0.15374927,-0.08563994,0.032130055,-0.46469775,0.47978806,0.012688342,0.1718792,-0.38395205,-0.06910177,-0.10000449,0.13548371,-0.23957932,-0.10047584,-0.08523021,0.122905806,-0.020107636,-0.01793071,-0.11326438,-0.11732297,-0.104903094,-0.15435138
dense_2,dense_2/kernel:0,64,32,25,0.17787789,0.033749424,0.06279903,-0.18172385,0.1574719,0.16551939,0.08324693,-0.3483184,0.40777543,0.11365772,0.16966537,0.09884284,-0.34490916,-0.41539448,0.4559237,0.16252664,0.2680192,0.1496736,0.14155841,-0.15096831,0.00025101902,-0.0029531005,0.13507292,0.46581337,-0.13145627,-0.111476645,-0.579428,-0.08263919,-0.20269744,0.31768903,0.2768076,0.1711412
dense_2,dense_2/kernel:0,64,32,26,-0.024105277,-0.04430922,-0.55636716,-0.105108656,0.06352563,0.8370792,0.073295504,-0.53088576,-0.068076655,-0.3009912,0.0011848167,0.023163727,0.35037166,-0.6848577,-0.16949244,0.507595,0.37360883,-0.47889704,-0.43577704,0.07606701,0.68193066,0.55690944,0.8835002,0.3330105,0.6560261,0.25946042,-0.258178,0.2713268,0.44181123,0.555243,-0.027546158,-0.94810224
dense_2,dense_2/kernel:0,64,32,27,0.30253276,0.47060388,-0.52654964,0.0063618612,-0.20917988,0.032495968,0.49310416,-0.20900814,0.28904018,0.13058151,-1.2725896,0.014611572,0.24715456,-0.015048645,-0.16344117,-0.00652237,0.46593875,-0.09421774,-0.05411134,-0.32564783,0.013076567,-0.5442699,-0.051774208,0.423025,-0.40528998,0.27579644,0.29835624,-0.48475286,0.07567693,0.05953553,0.5257324,0.44378784
dense_2,dense_2/kernel:0,64,32,28,0.008469921,0.04721756,0.26043722,0.16540252,0.10066288,0.07370512,-0.07812155,0.15945332,0.031519525,-0.03427395,0.41912946,-0.07943265,0.058095485,0.018125499,0.42962253,-0.0024531223,0.04754603,-0.15682001,-0.13546489,-0.010638461,-0.0036457565,0.089093536,0.15364197,-0.19875233,0.17929089,0.20403965,-0.43473074,0.1165044,0.26219076,-0.09281725,0.09445453,-0.09802971
dense_2,dense_2/kernel:0,64,32,29,0.17205901,0.33053955,-0.6158497,-0.45111927,-0.078910284,-0.2677295,-0.18054333,0.29359686,0.03125115,-0.30132684,-0.10056699,-0.036890525,0.15654488,0.29196155,0.24246311,-0.104931496,0.13034675,-0.2053927,0.32230598,0.621696,0.33021817,0.28939083,0.6859728,-0.07112341,0.56228423,-0.00599364,0.17367518,0.2601844,0.38239968,-0.74234647,-0.45384765,-1.4173704
dense_2,dense_2/kernel:0,64,32,30,0.23719622,0.08890802,0.27930066,-0.052716933,0.18523191,0.306897,0.05137222,-1.0059282,0.33463892,-0.14408767,0.3946507,-0.31114542,-0.038160816,-0.4611383,-0.2199043,0.16743712,0.12623145,0.09852038,-0.025373539,0.19705458,0.049319398,0.07856922,-0.07389919,-0.15764153,0.12476486,0.046373144,-0.16250585,0.1678468,0.12224872,-0.1012989,-0.20421615,0.059094194
dense_2,dense_2/kernel:0,64,32,31,0.37029696,0.25656796,0.37776405,0.17572756,0.44438708,-0.47519436,0.5004069,0.5902885,0.20328467,-0.054195564,-0.48312122,0.06553173,-0.632017,0.72266793,-0.4812038,-0.08118033,-0.2003353,0.12931912,0.0018605804,-0.0155440215,-0.26347312,-0.28172198,-0.505622,0.059992183,-0.2548157,-0.5996157,0.101437956,0.081897765,-0.36099806,-0.0025626742,-0.27975544,0.37481615
dense_2,dense_2/kernel:0,64,32,32,-0.16382296,0.07979084,0.22766872,0.11674586,-0.22439441,-0.44699287,-0.084023446,0.35189646,0.34130347,0.46393785,-0.11665389,0.11130742,0.24037553,0.09509731,0.21678367,-0.08397165,-0.023363102,0.29921743,-0.26854375,0.09934399,0.26126495,-0.04459839,-0.08091073,0.6415521,0.038092315,0.015789147,-0.1425975,-0.16243948,0.34884208,0.5767872,0.32261378,0.19839935
dense_2,dense_2/kernel:0,64,32,33,0.058640573,-0.31420523,0.10702686,0.3153913,0.23865117,0.24181499,0.23409103,0.24949197,0.13146459,0.3191389,-0.21829878,0.08608622,-0.09208477,0.4182564,-1.2926562,0.42482063,-0.5808469,0.42351252,-0.19102952,-0.116744466,0.08135365,0.111840695,-0.15614364,-0.05470396,0.3230983,-0.3571693,0.550954,0.15752894,0.09171103,-0.08603555,-0.20875534,-0.03985802
dense_2,dense_2/kernel:0,64,32,34,-0.07329761,0.3784782,0.035771325,0.24018647,-0.16987455,0.04346239,-0.07990103,-0.005044194,-0.15641747,0.309464,-0.07664138,-0.2321129,0.19803683,-0.091066524,-0.34028375,-0.1395727,0.08916654,0.21799035,0.1992752,0.41675872,-0.1326192,0.12645741,0.08612676,-0.7649609,-0.030192263,0.07209468,0.4547061,0.021969805,0.31829524,-0.51456165,-0.019378562,0.13191979
dense_2,dense_2/kernel:0,64,32,35,0.06892667,-0.2026373,0.20334637,0.14002061,0.16250077,1.4899199,-0.078857146,-1.4901512,-0.5066967,-0.1857544,-0.08863727,-1.1969239,-0.4030871,-0.35795012,-0.1524185,0.15605573,-0.051431745,0.45966947,-0.35993725,0.84285235,0.07135432,0.562028,-0.2566289,-0.26023933,0.09785242,-0.22517389,0.10511161,0.2096637,0.27828607,0.05948773,-0.43602538,-0.3122084
dense_2,dense_2/kernel:0,64,32,36,0.22485071,0.19743781,-0.197711,0.3519993,-0.17762697,0.2628831,0.22163025,-0.036101222,0.08937235,-0.114636354,-0.12503596,0.28878468,-0.11393994,0.38516983,-0.55787027,-0.23149459,-0.10956918,0.24095851,-0.12750547,0.25057185,0.044778213,0.1938833,0.0026529906,0.04845056,-0.0125930635,-0.19186448,0.5945623,0.060905017,-0.046455704,-0.13512962,-0.29404062,0.1400647
dense_2,dense_2/kernel:0,64,32,37,-0.12204807,0.041688897,-0.10314387,0.11767952,0.34667626,0.265669,0.23633277,-0.119512394,0.33539623,0.16325139,0.66615754,0.13218899,0.21370569,-0.41631356,0.18287282,-0.03769697,-0.3591502,-0.14224604,-0.29285586,0.1082796,-0.04980638,0.19601981,0.25266895,-0.018931452,0.27570006,0.2515182,-0.03849073,0.12076527,0.09470787,-0.26898938,0.17418176,0.31904432
dense_2,dense_2/kernel:0,64,32,38,0.17439215,0.15614009,0.0037676056,0.28275904,-0.08589864,0.22414392,0.079448946,-0.41729015,0.12929437,-0.025212407,0.6799212,0.13517325,0.17007756,0.12749496,-0.2929573,-0.41435704,-0.06117626,0.19004405,0.19610819,0.3926001,-0.12005588,-0.03157671,-0.05537497,-0.3072141,0.12371996,0.34835878,0.05010592,-0.20941852,0.53089404,-0.16091207,-0.037270866,-0.09764547
dense_2,dense_2/kernel:0,64,32,39,0.60260403,0.34091866,-0.07261807,-0.06461269,0.26925072,0.30974346,0.49960437,-0.2709285,0.076907635,-0.095109716,0.17118299,-0.20770925,-0.19988593,-0.70684046,0.11559161,0.30763957,0.49144942,0.13460903,0.003281605,0.1333463,-0.16878787,-0.33536372,0.23666199,-0.041294113,0.15594192,-0.5963692,-0.20782691,0.13418987,0.060921635,-0.40295076,-0.21260963,-0.023053432
dense_2,dense_2/kernel:0,64,32,40,0.02989275,-0.16783409,-0.0008188598,-0.2921375,0.040041335,0.014448766,0.34885612,0.06878315,-0.052034937,0.0812389,0.6332869,0.17534363,0.13748804,-0.34086448,0.5458464,0.0053205383,-0.2009091,0.15809274,0.04846673,0.2683022,0.05777827,-0.08416414,-0.002479129,-0.108106755,-0.058544215,0.118071765,0.07464436,-0.07221492,0.12953256,0.18878467,0.062409032,0.3143715
dense_2,dense_2/kernel:0,64,32,41,-0.09295565,-0.7318738,0.5592123,0.34451413,0.2997719,-0.10563598,-0.22205923,0.0624305,0.31504714,0.3890192,-0.13313387,0.0067389007,0.3214025,-0.3336447,0.53663856,0.27007335,0.036956046,0.21796167,0.3098721,-0.1089734,-0.11073013,0.12887682,-0.061809085,0.28463683,0.0003097673,0.024317278,-0.62059116,0.26224983,-0.025790324,0.12455686,0.17467284,0.27553505
dense_2,dense_2/kernel:0,64,32,42,0.046787594,0.10568017,0.40815088,0.2651424,-0.052344993,-0.6215269,0.063789316,0.4619973,0.36641446,0.36595827,0.14375103,0.023611229,-0.01939875,-0.17909394,0.37562287,-0.05133682,-0.09676195,0.366153,0.13189524,0.18108469,0.027246129,0.1422733,0.11808253,0.078569025,0.31718487,-0.16304424,-0.2973644,0.06834164,-0.003222656,0.19989142,-0.14387047,-0.026029402
dense_2,dense_2/kernel:0,64,32,43,0.24314001,0.29991385,-0.51939404,0.055202626,-0.105110995,-0.0058386717,-0.18119559,0.32641006,0.23872887,-0.18653949,-0.31763446,0.039713647,0.3296837,0.22248317,-0.080579445,-0.15028271,0.23025821,0.0051830397,0.049034975,0.41320038,0.064724326,0.28352082,0.12355668,-0.2618058,0.3222391,0.05045474,0.69805914,0.12871894,0.37321052,-0.14430907,-0.10579213,0.2935206
dense_2,dense_2/kernel:0,64,32,44,-0.26628992,-2.2175257,-0.6532762,-0.4415942,-0.006082047,0.061322756,0.14905754,-0.3764581,0.24540026,0.20969102,-0.14712916,0.5628957,0.5164135,0.27115098,-0.07203159,0.6951442,0.1928976,-0.44328353,-1.4629828,-0.20362061,0.5610184,0.2531284,0.3171677,-0.06550689,0.54569477,0.19441822,-0.19783662,0.26798484,0.1620188,0.19850653,0.09711808,-0.19572335
dense_2,dense_2/kernel:0,64,32,45,0.27925447,0.2464627,0.16628988,-0.047830164,-0.25868618,0.029716883,0.22714695,-0.20678277,0.18144372,-0.10342211,0.37739238,0.12328698,0.3623217,-0.117092066,-0.05806997,-0.42983526,-0.0097796675,0.2291845,0.25418383,0.5924959,0.047021274,0.26078525,-0.05853459,-0.5952238,0.21698825,-0.0084926365,0.39748174,-0.025673294,0.0007379846,-0.46297777,0.028022809,-0.20747055
dense_2,dense_2/kernel:0,64,32,46,0.17820455,-0.04757759,-0.14890148,-0.17064548,0.31941128,-0.39989212,0.59742343,0.33287907,0.27732012,-0.25136232,-0.04787183,0.21141316,-0.06576028,0.20629162,-0.48158565,0.17722729,-0.032747693,0.006537364,-0.35309333,0.14395528,0.33135548,-0.092955224,-0.13790731,-0.31015265,0.23656756,0.19516611,-0.010316791,0.17394093,-0.11351549,-0.37920603,-0.15379883,0.2535108
dense_2,dense_2/kernel:0,64,32,47,0.3938457,0.33157626,0.1027369,0.028339857,0.3241335,-0.20099714,0.22243667,0.0039027478,0.31492752,0.047344703,0.35826284,0.13407072,0.033492457,-0.74651873,0.5403763,-0.24290541,0.40507808,0.2251137,-0.07288692,-0.2484056,-0.11464294,0.10579185,-0.24052244,-0.030830162,-0.21674982,0.010094014,-0.35431823,-0.11671838,-0.12302697,0.26437134,-0.05096496,-0.13166189
dense_2,dense_2/kernel:0,64,32,48,-0.21903169,0.3399311,0.058087956,0.28171283,-0.62669533,-0.16748582,-0.34692374,-0.11586977,0.2453621,0.7611811,-0.26382387,0.3636239,0.1603138,0.2707826,-0.36037248,-0.46823993,-0.34030664,0.38931707,0.48835328,-0.14722253,-0.6458385,-0.11213407,-0.11324168,-0.21984388,-0.23840919,0.08833484,1.0331391,0.038480174,0.18827541,0.14600123,0.75405204,0.28966102
dense_2,dense_2/kernel:0,64,32,49,0.02997289,0.118126035,0.06778137,-0.10301269,0.09281695,0.122411065,0.17625664,0.0136918975,0.048472956,-0.012257652,0.28596386,0.16739239,0.12259276,-0.0566049,0.23332037,-0.20558375,0.085542746,0.15390219,-0.01688675,0.22127746,0.29988793,0.085685894,0.12499612,-0.0027596615,0.17221083,-0.23254754,0.10893803,0.20935924,-0.1468679,-0.07772086,-0.16511418,-0.08601775
dense_2,dense_2/kernel:0,64,32,50,-0.06074629,0.21138023,0.18546608,0.40037903,-0.18739031,-0.19567968,-0.1268989,-0.0963597,0.3159759,0.36568964,-0.061520938,0.20089635,0.26255086,0.2752913,0.3682712,-0.103301145,-0.06349187,0.25853842,0.061715424,-0.05868089,0.1913395,0.014563074,0.07221383,0.75498813,-0.1083965,0.063322976,-0.24612159,-0.064955235,0.46348011,0.3009477,0.3188312,0.3212459
dense_2,dense_2/kernel:0,64,32,51,0.3505155,0.4215442,-0.3736167,0.1437215,0.3132456,0.11695202,0.32857013,0.08142019,-0.023260448,-0.13240387,-0.28001285,0.12859604,0.31715655,-0.020796198,0.27282125,-0.28791666,0.19492976,-0.039235804,0.38423094,0.026464459,-0.051009763,0.14216684,0.1333342,-0.062848344,0.17993282,-0.41910258,0.6457719,-0.12448284,0.021631094,-0.15858585,0.06713835,0.05854937
dense_2,dense_2/kernel:0,64,32,52,0.41273838,0.28019863,-0.17560507,-0.06803491,0.22040248,-0.27757654,0.009272689,0.11746241,0.26968864,0.16973677,-0.39420247,0.26255772,-0.15780397,0.26131824,0.17461838,-0.25572094,0.019215634,0.04007442,0.34688866,0.15089692,0.06568687,-0.042048633,0.15433006,0.16778676,0.1525491,-0.1265862,0.1322078,0.21664725,0.06910302,-0.13615665,0.07815242,0.042096607
dense_2,dense_2/kernel:0,64,32,53,0.14036018,-1.021829,-0.20127912,-0.2054247,0.2532297,0.09299447,0.19048943,-0.028223712,-0.032241378,0.43531087,0.21472105,0.37817466,0.24375343,-0.07056216,-0.4065034,0.5627626,-0.16036029,-0.22873393,-1.2820622,0.13436016,0.35395855,0.19091523,0.22418554,0.010022007,0.44224724,0.22477031,-0.26411065,0.048864946,-0.27636972,0.21161145,0.1850751,0.31777272
dense_2,dense_2/kernel:0,64,32,54,-0.036774512,-0.848946,0.14159249,-0.16482657,0.23318963,0.42650715,-0.010020381,-0.23602754,0.045502745,0.54622376,0.36810362,-0.18787323,-0.09515844,0.16717301,-0.5113601,0.5031054,-0.12871024,-0.31383783,-1.073425,-0.09793393,-0.042722583,0.2258323,0.11807028,-0.08950218,0.29271805,0.07478332,-0.37350503,-0.23441835,-0.011240797,0.051501237,0.31869322,0.2759059
dense_2,dense_2/kernel:0,64,32,55,0.1438487,0.24993691,0.17562218,0.27785563,0.12054077,-1.5416288,-0.20678928,0.53974956,0.33229867,0.0721994,-0.33962497,-0.28579384,-0.0018821221,0.4068927,0.27115837,-0.07300067,0.08875646,0.40195715,0.3819779,0.53594077,-0.095142394,0.24985018,-0.2917386,0.3043007,-0.0062439353,-0.62069637,-0.047975756,0.47529697,-0.07019022,0.37195355,-0.48510888,-0.17597044
dense_2,dense_2/kernel:0,64,32,56,0.011590857,0.22377187,0.079821795,0.02991751,0.32520184,0.080248855,0.082126066,-0.11183394,0.15010796,-0.1242657,-0.43769407,-0.006622986,0.12653644,0.14989126,-0.3799074,0.34182018,-0.024116816,0.20954128,-0.15476301,-0.0477796,0.12514988,-0.050363705,0.1551798,0.0866798,0.3064781,-0.10111544,0.21887554,-0.1461131,0.0025667672,0.20012473,0.14843875,0.18171158
dense_2,dense_2/kernel:0,64,32,57,-0.15703198,0.13028452,-0.020960249,-0.22240058,0.0058546825,-0.32965595,0.14037192,-0.22619253,0.12421638,0.10870953,-0.06628046,0.09066849,-0.09521669,-0.3249023,0.29249713,-0.09447587,0.055013496,0.013421707,0.8075884,-0.14689803,-0.17892347,0.05175092,0.2759766,0.26808348,0.43694213,-0.4161712,0.33171254,0.007405548,0.15429057,0.09230277,-0.13756526,0.06626482
dense_2,dense_2/kernel:0,64,32,58,0.1600751,0.3970099,-0.38086805,-0.1866891,0.08103681,0.0738942,0.3794345,-0.16496064,0.40232447,0.04588498,-0.04878331,0.09126215,0.30628616,-0.15946086,-0.024393197,-0.08619302,0.5945424,-0.13956027,0.11006497,0.11818406,0.055193312,-0.12845378,0.4331183,0.31752017,0.09952096,-0.24637602,-0.07573693,0.11384375,0.378426,0.25671387,0.048939787,0.17036527
dense_2,dense_2/kernel:0,64,32,59,-0.0781775,0.26017785,0.35226032,0.23652017,-0.24800341,0.82756555,0.08851274,-0.033502746,-0.27776906,-0.109691225,0.35210603,-0.20300055,0.015055305,-0.3009832,-0.39218846,-0.012348044,-0.15106976,0.35026604,-0.14990653,0.31792918,0.31173697,0.13607216,0.32996407,-1.0350093,0.111874804,0.10750671,0.3054221,-0.016515104,0.17297682,-0.5111169,-0.11485387,-0.23854174
dense_2,dense_2/kernel:0,64,32,60,0.29340842,0.11229496,0.004610233,0.24803852,0.23890641,-0.52629954,0.029037822,0.35713282,0.4203358,0.016260337,-0.13322292,0.07510737,-0.009987629,0.41158906,0.026528487,0.28052184,-0.2491319,0.27083057,0.1361785,0.17741054,0.050764818,0.07014168,-0.049089365,0.08242838,-0.046130106,-0.124343075,0.12061001,0.24049893,-0.11676614,-0.0113693895,-0.082903646,0.027810493
dense_2,dense_2/kernel:0,64,32,61,0.09039648,0.5022702,-0.26822618,0.21119498,-0.2762842,-0.08304379,-0.082289346,0.17708346,0.4528375,0.015017704,-0.24553491,0.12887336,0.20400432,0.39932385,-0.08590437,-0.092485,-0.022776853,0.19786695,0.09369275,-0.1218198,0.14151216,-0.3005165,0.15936917,-0.14111239,-0.24828824,-0.31059936,-0.038283914,-0.32025418,0.20038162,-0.14673702,-0.06165584,0.13022867
dense_2,dense_2/kernel:0,64,32,62,0.27846414,0.35531566,-0.9039108,-0.38868323,-0.24498023,0.0430848,-0.09748418,-0.033536945,-0.48472664,-0.7859904,-0.09264007,-0.086287305,0.37980437,0.052241087,0.07272598,-0.17551404,0.31204492,0.018824218,0.3291661,0.9924555,0.22703217,0.6472903,0.7860016,-0.13873047,0.18955939,0.48543787,0.22736166,0.06559617,0.08355152,0.10902492,-0.44801646,-2.7442799
dense_2,dense_2/kernel:0,64,32,63,-0.0005502914,-0.1625613,0.020383721,-0.036754873,0.29071876,0.27680653,0.16982397,-0.19545156,0.07568206,0.2202998,0.040310975,-0.13200922,0.006048802,0.16946556,-0.3819057,0.45705923,-0.045832578,0.11674607,-0.44317937,0.12887117,0.4110348,0.26192856,0.15677124,0.045036152,-0.12551087,0.07147201,0.02450821,0.002741797,-0.14274274,0.17222787,-0.124407485,0.2646774
dense_2,dense_2/bias:0,1,32,0,0.21572645,0.06891379,-0.04887016,-0.024270937,0.13609868,0.13424198,0.2129225,0.13564098,0.24336794,0.02783452,0.056647606,0.07621652,0.07522631,0.10620115,0.02169437,-0.09005265,0.020711282,0.0466269,0.05356134,0.044763416,0.15400518,0.08257017,0.10097633,0.10441969,0.06503278,0.07990293,0.048657503,0.051570024,0.09853757,-0.108852185,0.08451709,0.12981604
dense_3,dense_3/kernel:0,32,32,0,0.39394242,-0.100662395,0.15805373,0.38049254,-0.13376893,0.48342407,0.5053357,0.08708611,-0.42268834,-0.27532488,0.15623784,-0.107374646,0.27658412,-0.033214916,-0.21955392,0.19672224,0.2918254,0.102767356,-0.2672413,-0.15235561,-0.015473225,-0.19725162,0.22790395,0.22905624,0.53677076,0.60625005,-0.08180167,-0.08137079,0.15397398,-0.03438886,0.018952286,0.57254046
dense_3,dense_3/kernel:0,32,32,1,-0.015160976,-0.004655323,0.035678223,0.07123515,-0.17046851,0.6439196,0.057074215,-0.38434175,-0.28723967,-0.32066953,0.36267686,0.2921086,0.162745,-0.455652,-0.1270718,-0.21622023,0.4575004,-0.41815597,0.33522895,-0.4014666,0.19629131,-0.11679834,0.3069819,0.5596353,0.35474044,0.14598833,-0.43691653,0.048019692,0.13100834,0.12511687,0.29694057,0.53178996
dense_3,dense_3/kernel:0,32,32,2,0.30646852,-0.44373193,0.016132813,0.17134073,0.17805746,0.046746317,-0.589452,-0.4983956,0.7487968,-0.88952106,-0.064999014,0.1289349,-0.6571625,0.08474407,0.085972905,-0.10885382,0.10798652,0.36275494,-0.3293581,0.47012454,0.1639923,0.35138875,0.23994869,-0.05334037,-1.0508521,-0.08471115,0.6331902,-0.11894084,0.4469539,0.18192926,0.7087955,0.039381046
dense_3,dense_3/kernel:0,32,32,3,-0.069330454,-0.39561316,0.34070432,-0.0081690885,-0.21226473,0.033148773,-0.62908393,-0.36416334,0.19257201,-0.106703274,0.49267015,-0.059161674,-0.50756896,-0.0628414,-0.035871357,-0.4688797,-0.15783723,0.0461934,-0.2709852,0.23017155,0.376354,0.27232233,0.22031662,0.41503307,-0.3182462,-0.19503509,0.33674738,0.24299292,0.6144593,-0.22025228,0.6592857,0.32988125
dense_3,dense_3/kernel:0,32,32,4,-0.2076665,0.029498734,-0.03418351,0.5406315,-0.34053695,-0.17258994,-0.23904727,0.2750777,0.44266942,0.019168023,-0.23738725,-0.4354434,0.5122486,0.4960779,-0.28009987,-0.053554185,0.09809218,0.48550922,-0.14925872,0.07899443,0.34705162,0.29692522,-0.38783768,-0.21088876,0.5349169,0.10252502,0.242551,-0.18925002,0.073090434,0.19902794,0.109321415,0.039266326
dense_3,dense_3/kernel:0,32,32,5,-2.4592633,0.04216532,-0.5343194,-0.20506208,0.09889394,-0.78498584,0.16112295,0.53030497,0.09715054,0.41319188,0.31409863,0.51088095,-0.0037403256,-0.026598228,0.042721927,0.4532512,-0.12732472,0.5529893,-0.38688695,0.40605187,0.16514172,0.2685752,-0.3791743,0.22220019,0.64366746,0.20042561,-0.44190258,0.13209885,0.032074805,-0.46094438,-0.23856379,0.4338582
dense_3,dense_3/kernel:0,32,32,6,0.15863866,-0.09957103,0.13102932,0.37402543,-0.00765785,0.44197592,0.4132223,0.09341086,-0.11433879,0.1778298,-0.2965975,0.21336438,0.48015484,0.4311436,-0.15138206,0.24346356,0.309279,0.23672818,0.30630913,-0.43897247,-0.1143837,0.09507891,0.029132871,-0.15599114,0.36337644,0.496266,0.12083252,-0.18116459,-0.3490946,0.03809612,0.07787927,0.24901365
dense_3,dense_3/kernel:0,32,32,7,0.38612574,-0.13462184,-0.29919794,0.35429838,0.016953005,0.53953683,0.113900244,0.14460616,0.09246382,0.338255,0.06722769,-0.35226402,0.1956482,0.17921814,-0.10590574,0.057774007,0.32208627,-0.35289294,-0.29351112,-0.11604489,0.24035856,0.4899546,-0.23738672,-0.17921516,0.8061282,0.5625087,-0.5589045,-0.061816692,0.10084587,-0.17464934,0.6189472,-0.31327915
dense_3,dense_3/kernel:0,32,32,8,0.37462145,0.15525499,0.13403025,0.39028805,-0.2718325,-0.06603531,0.13681808,0.20437369,-0.15660751,-0.009456008,0.053854357,0.06977765,0.5255151,-0.12157832,-0.2019738,-0.07169312,-0.16140744,-0.24844934,0.36301178,0.23832425,0.36960968,0.21056007,-0.07562537,0.2864367,-0.001372763,0.25997213,0.42413515,0.24576646,0.20607977,0.21799304,0.23233555,-0.07524079
dense_3,dense_3/kernel:0,32,32,9,-0.20294961,-0.04272657,0.6160218,0.15901215,0.113034576,0.1038134,-0.59680367,-0.09440462,0.045439623,0.13755605,-0.17252862,-0.20627938,-0.18472786,0.31389207,-0.09001748,0.3131873,0.13057342,0.3189799,0.35842928,0.77053976,0.10827011,0.26130074,-0.11182087,0.13931093,-0.5552117,-0.10005707,0.7102786,-0.07852207,0.32794884,0.20056492,0.5063952,-0.2415231
dense_3,dense_3/kernel:0,32,32,10,0.10968894,-0.7008009,0.34017295,0.30533814,0.00035469086,0.16446005,0.5031969,-0.42988932,-0.36419365,-1.7904651,-0.58964944,0.7001711,0.026388178,0.8057654,0.24135605,-0.1981604,-0.2179705,0.20692015,0.17540003,-0.4623024,0.5343579,-0.8231327,-0.12551942,-0.04699516,-0.18767968,0.51680124,0.56432843,0.0807746,-0.46589252,-0.028422715,0.40606123,1.0934699
dense_3,dense_3/kernel:0,32,32,11,0.24851653,-0.0078013614,0.30181757,-0.16612175,-0.033986412,0.4394235,0.37126794,-0.047304858,0.29043528,0.23201776,-0.034271225,0.27566928,0.37892374,0.19267645,0.116559595,0.18592058,0.3506559,-0.39437544,0.4724665,-0.18544261,0.034919087,0.20829396,0.32219803,0.11778256,-0.3517623,-0.11444761,0.12991995,0.052431855,-0.21986891,0.42302415,-0.28850153,-0.28782564
dense_3,dense_3/kernel:0,32,32,12,0.0457726,0.3426847,-0.03472592,-0.23947245,-0.030098606,0.4862848,0.15527098,0.269009,0.16890682,-0.40812454,0.22872831,0.3617967,0.10330763,0.0810762,-0.25853932,0.39790383,-0.099169284,-0.5390738,0.3915614,0.24729054,-0.2618575,-0.08713698,-0.17525707,0.10678927,-0.21611044,-0.22322863,0.31929576,-0.24793462,0.17708541,0.1625794,0.037034605,0.12178536
dense_3,dense_3/kernel:0,32,32,13,0.43047324,-0.68519485,0.28083524,0.48826283,0.088077776,0.38426787,0.062337935,-0.31456256,0.30797568,0.036215488,0.10387111,-0.41438338,0.35101873,0.003895643,0.086851,-0.55064213,0.46317843,0.26300764,-0.40295905,-0.20556757,0.1359473,0.44661382,0.030842735,-0.13916399,0.48773512,1.9358819,-0.17685844,-0.13905507,0.25353166,0.10386317,0.35265362,0.3999471
dense_3,dense_3/kernel:0,32,32,14,0.14217332,0.33662978,-0.03846554,0.5269356,-0.23630694,-0.06873143,-0.860677,-0.04255473,0.93614906,0.5399905,0.22631998,-0.83654356,0.30136117,0.108513586,-0.2814011,0.2203256,0.5427691,0.03663679,-0.5466075,0.27558193,-0.15139143,0.951,0.6044573,-0.37974474,0.74388295,-0.004324535,-0.2663313,-0.16939336,0.045796223,0.32611927,0.64890623,-0.27955025
dense_3,dense_3/kernel:0,32,32,15,-0.021875707,0.38686737,0.33990577,-0.02059624,-0.024414519,-0.23135382,-0.2056772,0.15548234,0.14496183,0.65935194,0.0009144837,-0.6214615,0.19045942,0.15977931,0.075879246,0.48790342,0.058292694,-0.03670993,0.2566484,0.2916513,-1.039002,0.26946646,0.08487648,-0.40755028,0.5175227,-0.41799715,-0.004778154,-0.23702496,-0.47593963,-0.026808519,-0.72608376,-0.05432551
dense_3,dense_3/kernel:0,32,32,16,0.0075111785,-0.059071932,-0.15217684,-0.042764563,0.023941426,0.40986332,0.18483914,0.14278382,-0.18860757,-0.66473293,-0.4935872,0.21418671,0.6046168,-0.10012074,-0.120768934,-0.18263613,0.60422206,-0.65197223,0.28983775,-0.08075722,-0.016229535,-0.34354848,0.2849199,-0.183278,0.46999457,0.32831138,0.059948083,-0.33202377,-0.3337577,0.1320153,-0.51672184,0.17140748
dense_3,dense_3/kernel:0,32,32,17,-0.16593963,0.1299559,-0.074783176,0.16234818,-0.2721658,-0.06026292,-0.1819374,-0.24682808,0.53498,-0.1415781,0.23385848,0.2965015,-0.26373658,0.08825689,0.12645012,-0.44150698,-0.08698557,0.4719778,-0.4140279,-0.03492841,0.0265514,0.5318555,0.39910287,0.16272995,0.03320931,0.36728212,-0.22328347,-0.1093633,0.401649,-0.48812374,0.04546718,0.1447385
dense_3,dense_3/kernel:0,32,32,18,0.00091714616,0.7243053,0.53945804,-0.075771786,-0.23359916,0.08947077,0.08429982,0.3620399,0.30683532,0.1370775,-0.049308337,-0.27807027,0.054581765,-0.06687194,-0.060667858,0.56796384,-0.09876711,-0.303737,0.78747445,0.6007123,-2.0234532,0.27624455,1.1106291,-0.45203996,0.02490347,-0.5776371,0.097610526,-0.13394815,-0.22960603,0.50323725,-0.5028399,-0.5050862
dense_3,dense_3/kernel:0,32,32,19,-0.048117157,-0.0056939865,-0.38103074,-0.31675178,-0.13589258,-0.1909771,0.4509099,0.56058985,0.1339314,0.16111708,0.5683072,0.5465228,0.30127108,-0.11058089,-0.08941874,0.19999644,-0.34635177,0.32578087,-0.23125266,0.26010197,0.32712457,-0.05660446,0.06563731,0.31630293,0.22112188,-0.06265243,-0.62083626,-0.23328592,0.2691153,-0.4016294,0.30015215,0.39309165
dense_3,dense_3/kernel:0,32,32,20,0.18203564,-0.19220684,-0.16235736,0.24827056,0.012371841,0.3820034,0.4878982,0.5276318,-0.1909012,0.34076822,0.37183356,0.23335302,0.2880704,0.122890756,-0.1663146,0.5728095,0.21343772,-0.017840784,0.44171342,-0.31765196,-0.08709323,0.18253274,-0.27990988,-0.2180748,-0.03164217,-0.00974043,0.16579588,-0.25055227,0.12075135,0.24028607,-0.45789343,-0.11001485
dense_3,dense_3/kernel:0,32,32,21,-0.34179845,0.4231362,0.08724877,-0.19268632,-0.1395963,-0.5195833,0.27180713,0.23309352,-0.027781608,0.30638316,0.5342714,0.11367621,0.0020657694,0.11399577,-0.1049463,0.31897444,-0.1507681,0.1179782,0.21087024,0.5392438,-0.23526374,0.44052812,-0.34788066,0.3847457,0.475321,-0.07151285,-0.026122116,0.2125627,0.040337436,-0.11843752,0.040195536,-0.045049455
dense_3,dense_3/kernel:0,32,32,22,0.2427116,0.21363689,-0.18601523,-0.30222994,0.0056306985,-0.06073209,0.5097481,-0.00039074005,-0.25421125,0.1761042,0.43636316,0.3807915,-0.06742306,0.05458507,-0.04499954,0.5493044,0.31296012,-0.5377062,0.5708974,0.2364162,-0.34186187,-0.34830904,-0.07972952,0.120143026,0.25308132,0.057414223,-0.08417052,-0.021750472,-0.09505761,0.28417552,-0.45920402,-0.14277
dense_3,dense_3/kernel:0,32,32,23,-1.1660761,0.18934791,-0.1627946,-0.81924176,-0.08478415,0.14931557,0.3767647,-0.2738341,-0.075573534,-0.5229585,0.45690912,0.5852062,-0.7075662,-0.57843596,0.25964478,-0.29385173,-0.53752667,0.26857853,0.24372305,-0.1165916,0.24385539,-0.15621725,-0.3299169,0.69257104,-0.21848722,-0.063491546,0.11703679,-0.019007841,0.6245206,-0.80958396,0.40143254,0.21323659
dense_3,dense_3/kernel:0,32,32,24,-0.06535603,0.4180366,0.2030071,0.2232457,0.24262652,0.16724065,-0.05471292,0.39652294,-0.022134963,0.48725003,0.44843644,0.22932898,0.27670673,0.177171,0.24023941,0.48376492,0.031035254,-0.015480741,0.5251815,0.35391745,-0.2973862,-0.17966661,0.24750261,0.16544448,0.045567364,0.060503922,-0.39170188,-0.3070754,-0.10444438,0.10468324,-0.28785422,-0.10576773
dense_3,dense_3/kernel:0,32,32,25,-0.07529144,0.2660221,0.038315836,-0.39116508,0.033158068,0.12865454,0.20983846,0.19267638,-0.15186988,-0.5567975,0.31546652,0.22874549,-0.21633837,-0.0821779,0.23556557,0.32466918,0.008123839,-0.3409459,0.47196472,0.23681164,-0.34413588,-0.6508388,-0.021005545,0.027054675,-0.3222578,-0.4193275,0.5471141,-0.12477013,-0.31329742,0.27917442,-0.5062077,0.332516
dense_3,dense_3/kernel:0,32,32,26,-0.018089248,0.042586073,0.9365771,-0.18042189,-0.26100072,-0.0768207,-0.28771675,0.011583574,0.36895418,0.16230412,-0.08129204,0.534974,-0.72214824,0.09560178,-0.12946205,-0.21568024,-0.2590019,0.6201261,0.5212803,0.87615305,-0.16183782,0.08228045,0.8551285,0.1873288,-0.7175292,-0.5542772,1.0259402,-0.20828281,0.5975633,0.2860303,0.41624543,0.06121412
dense_3,dense_3/kernel:0,32,32,27,0.3526241,0.26383647,-0.02064584,-0.21483417,-0.044909965,-0.18323979,-0.05574714,0.36095253,0.23051366,-0.11860677,-0.04029242,-0.13041724,0.24477859,0.24376853,-0.26756117,-0.09640065,-0.0596748,0.10426119,0.05913303,0.07789785,0.096647345,0.46123365,0.2651702,-0.12916085,0.2903442,0.06478974,-0.5358218,-0.048056103,0.037763685,-0.029687954,0.003083581,-0.20048587
dense_3,dense_3/kernel:0,32,32,28,-0.2948325,0.25501305,0.21150158,-0.33162045,-0.05899492,0.1676585,-0.06599876,0.3856841,-0.13360374,-0.18720926,0.59458923,0.56120247,-0.1872203,-0.2952974,0.0003335476,-0.18832368,0.17674452,-0.055994116,0.40230814,-0.2869241,0.164185,-0.3121948,0.12650445,0.722684,-0.18396282,-0.18670622,0.13884205,0.24606849,0.42563584,-0.11254026,-0.22419697,0.01136604
dense_3,dense_3/kernel:0,32,32,29,-2.015665,-0.19646038,-0.5768055,-0.5934588,0.06686625,-0.6366288,0.29146028,0.6657867,0.23072071,0.21759729,0.51488763,0.519634,-0.44122747,-0.38465148,-0.039004534,0.08276469,-0.52592206,0.35585642,-0.18723112,0.2764998,0.18789452,0.07262507,0.04537624,0.6999102,0.058580626,-0.22198088,-0.14118609,-0.24417144,0.2350849,-0.76018643,-0.076883204,0.09938026
dense_3,dense_3/kernel:0,32,32,30,0.055866573,0.057228472,0.31592909,-0.22257309,0.20663615,0.13444616,0.0060421093,0.07852399,0.18242139,-0.5283424,-0.05043812,0.3495361,0.20636848,0.081703074,-0.072202876,-0.24724098,0.048459142,-0.2939891,-0.06395206,0.039185427,0.16509476,0.09372242,-0.06503069,-0.021501916,-0.49686444,-0.2691404,0.69276035,-0.29576534,0.2466984,0.45175382,-0.07852154,0.3403316
dense_3,dense_3/kernel:0,32,32,31,0.442719,-0.23455551,0.5922567,0.34853613,0.07262868,-0.0398846,-0.31965837,-0.49063778,0.26246384,0.098979235,-0.373077,0.21951312,0.08246236,0.32814193,-0.06842883,0.0039393906,0.040105816,0.19556843,0.24734785,0.076770894,0.32151127,0.3839748,-0.11981162,-0.02918107,-0.53393126,0.5139221,0.3316126,0.20101722,0.08734653,0.56698275,0.68599284,-0.08905415
dense_3,dense_3/bias:0,1,32,0,0.06536136,0.021088915,0.1205846,0.119121194,-0.035179246,0.067366384,0.13709208,0.11380178,0.0017639152,0.12019325,0.0065796194,0.14143431,0.1425324,0.13740933,0.0,0.0075435964,0.08434333,0.009119837,0.023618527,-0.009104741,0.16179289,0.032888763,-0.06625701,0.032413293,0.18013941,0.10114608,0.08648486,-0.037901767,0.049263917,0.08172431,0.007917735,0.24029532
dense_4,dense_4/kernel:0,32,6,0,-0.61111826,-0.7812011,-0.64167047,0.017910754,0.62867683,-0.28491455
dense_4,dense_4/kernel:0,32,6,1,0.5778951,-1.0687578,0.2563809,-0.5133283,-0.2838251,0.37743816
dense_4,dense_4/kernel:0,32,6,2,-0.0021313138,0.03013129,0.07988357,-1.2617921,0.7366105,-0.40531653
dense_4,dense_4/kernel:0,32,6,3,-0.8543411,0.14988223,-0.84154856,-0.22260727,0.5566511,0.47428834
dense_4,dense_4/kernel:0,32,6,4,0.25489327,0.18784842,-0.28670353,-0.09682313,0.2580477,-0.3219902
dense_4,dense_4/kernel:0,32,6,5,-0.6028541,-0.6614429,-0.24912147,0.47937053,0.6712118,-0.25482407
dense_4,dense_4/kernel:0,32,6,6,-0.598248,-0.73223436,0.4224591,0.33601707,-0.7122697,0.14403403
dense_4,dense_4/kernel:0,32,6,7,0.21568838,-0.6719624,0.12967396,-0.3387503,-0.9242424,0.38512197
dense_4,dense_4/kernel:0,32,6,8,0.6656187,0.31981364,-0.76487154,-0.83768314,0.3673294,-0.12474455
dense_4,dense_4/kernel:0,32,6,9,0.6068005,-0.5293212,-2.2832456,-1.0497824,-0.2805358,0.68214136
dense_4,dense_4/kernel:0,32,6,10,0.5698171,-0.28344837,-0.05304298,0.42930642,-1.2231545,-0.4022379
dense_4,dense_4/kernel:0,32,6,11,-0.19522016,0.22989988,0.6593989,0.31383988,-0.54725075,-0.7129204
dense_4,dense_4/kernel:0,32,6,12,-0.7159771,-0.79164475,-0.30054998,-0.0053673037,0.024603656,0.45533437
dense_4,dense_4/kernel:0,32,6,13,-0.539828,0.14150268,0.108418286,-0.64025164,0.12189433,0.29599696
dense_4,dense_4/kernel:0,32,6,14,0.15246567,0.027923524,-0.16046901,-0.26043487,0.2141656,-0.092644036
dense_4,dense_4/kernel:0,32,6,15,0.26932842,-0.6935051,0.4285929,-0.2862413,-0.105722986,0.5821815
dense_4,dense_4/kernel:0,32,6,16,-0.42667538,-0.82082105,-0.5757024,0.46557987,0.5687408,0.20396641
dense_4,dense_4/kernel:0,32,6,17,0.10398513,0.80846894,-0.75520176,-0.5043296,-0.36554754,0.06801635
dense_4,dense_4/kernel:0,32,6,18,0.10986528,-0.8728365,0.57639337,-0.09236847,0.16990171,-0.29608873
dense_4,dense_4/kernel:0,32,6,19,0.5752407,0.16958204,0.17382337,-1.6263578,-0.10105143,-0.022072427
dense_4,dense_4/kernel:0,32,6,20,-0.52590036,0.40381095,-0.4336386,0.14979228,-0.44259906,-0.35234725
dense_4,dense_4/kernel:0,32,6,21,0.5941087,0.3097861,-1.0611829,-0.39194828,0.04357484,0.30679017
dense_4,dense_4/kernel:0,32,6,22,0.32500464,-0.004481048,0.24959648,-1.9749606,0.583602,0.06934829
dense_4,dense_4/kernel:0,32,6,23,0.15632643,-0.12627093,0.14986823,0.511017,-0.8372846,-1.0075132
dense_4,dense_4/kernel:0,32,6,24,0.023678394,-0.73086125,-1.4181163,0.4599883,-0.7018083,0.6252432
dense_4,dense_4/kernel:0,32,6,25,-1.0281852,0.44188973,-0.7029794,0.5182699,0.296933,0.38705242
dense_4,dense_4/kernel:0,32,6,26,0.0029649383,0.40515432,0.7314379,-0.696234,0.5680813,-0.8142575
dense_4,dense_4/kernel:0,32,6,27,-0.283963,-0.25447306,0.12833521,-0.07993063,-0.20283245,-0.28756168
dense_4,dense_4/kernel:0,32,6,28,0.3555525,0.34509912,-0.19467346,0.18855263,-0.28738895,-0.97673196
dense_4,dense_4/kernel:0,32,6,29,-0.5668897,-0.48183313,-0.14934461,-1.0646621,0.7114848,-0.12236647
dense_4,dense_4/kernel:0,32,6,30,-0.14772508,0.64574504,-1.9440001,-0.16615677,-0.10173564,-0.6406491
dense_4,dense_4/kernel:0,32,6,31,-0.83506787,0.57685953,0.30253443,0.52914846,-0.58311933,-0.15228035
dense_4,dense_4/bias:0,1,6,0,-0.1564241,0.08912299,0.13685903,0.006363385,-0.07637848,0.035785805
